hash,label
3e50084147cd3d5cc94a879714dd19f0,0
c0b5dded7e69be2e15bb42e204bcd3df,0
043a51e10686ba6518f13a31137ba7c4,1
61a96f3898458c59690eb6968ce07f54,0
197b99dbbc9af29377026514779a12b7,0
3ad8b5c64595ab171d62bab5947dc6cb,0
53303f7b18d631bda1cd15a65db6a90d,0
56079c385c4ea9c29cdced0796246040,0
9895d4b6819b1f8e6e490b45f3a8d05f,1
a06cff85c3898a3381fb52890065be3a,0
540e9f2acc8b195f58cd7e9e67e99b58,0
0a7d671167d23fb4fd8fb852ccf7f037,0
b45788f4a181aedecfa23c5e07b1f8d8,0
e68180ff8ff8616f8053e11332c92499,0
4f5b5257a45293eed9793484ba5553d4,0
0d18837feb612835badf2c87d389ce66,0
4993865c4dc0d0aea439272ababafa7d,0
07f22105c56a2f6ac879baff999108b5,0
b52d4a9e54f8fa69e75441e7a9b7433e,0
a3546649b8698546e0ff33419f766272,0
a5eb1f20e5633861bffd64dd73cc5e87,0
61781d9d2092ff893869cc3f083670a5,0
edb8eb184fdc90adb979dccf5b72512a,0
4f9967759e834041b366e69ac39d07b7,0
775fa86cae448cd1555de74f2b9de605,1
46185a9e962bd0c9f2607cc239a7527d,1
b4df5f911f70383e5147e36c88058e6a,0
d63dc0e1c87a79056f36b72d8b907465,1
f2724b762587a89c1048ed8f8ea3620f,1
a96c9af93257d03930f231f89ce1b1ab,1
99fd700cc55900b887df019fa8cbc665,0
7db4946460dc33266e5e77a0648f00a1,0
6f10275acfda5e9cc756487893578494,0
e4da830b73efe13388e936389fdb6381,0
44a19e00a95447faccc567279d53d65b,0
65ace95d7f6adbdac3762f47771b6d9e,0
2ca4d564629045133fc98b235f74755c,0
f48fcd189f52a409e784d8c132ec81a0,0
95a47ca93c59b8bd702d8c48bcd871d2,0
5d7874758c68853c511a71bb0758ad3f,1
f62cabd5ab6cbc428729c2f4a7d05dae,0
c4ee18d4a484321620bef6ddd00fc620,0
8e6bf23b4a2339775b1fe699be3ca03d,0
d8c024cf17532d9a6b734aad9053566e,0
f1b2feef4e7387e6ab75c71421ddfa93,0
f5ab835456a9f73d0b857300c178b2a2,0
192685a6a8d86e20d37d49cb3317225c,0
a53021ab7cfb74a66d275668129cabd5,0
b2f5f3efd62306b704aa829dbc311ea3,0
2b69c2eafd235eb0a081b83bdbd3de9b,0
e94d0afbf7cde24b92d2eac43586d6eb,1
9d1eae252e1b07c6fb4858b961120527,1
3d23901bacc240fcf0cf6cdef5a95ac7,0
10faf30cf028756917174d3c48236914,1
608ee83ec109642fef79cf68e1456674,1
b2d598224f3ab1ef87d65e86840bfa83,0
83f9e8bc60d447b2a3ac4822f1cf4ff9,0
9f1c9116ae1ffa010ae23b679a26fcf5,0
b316ffcae220ac80daa5c7ead9b9d150,0
c4bf1699bf76abfff730571df3addfc2,1
16c41f89f972c0bce00ac4ab4167629d,1
26780f41389ecd626fe4416fbb58c12a,1
e99f80ed13d9d57ba03683cae563aad8,1
204e2bb1de97979fb77269d2ddb211a9,0
6b0afe2aa6052a85e0a4176a9c15cb23,1
b03d9699a13025439d27120f0e2f012a,0
b67bedb56ac087cd91f750cd3883ba3b,1
8f291db650ca5383b518cbc5ae701619,0
b86d68f54e891638695da4a592b23d6d,0
e58f256248225bf28b4a9ac67b1d4127,1
b6cdc09cdc1a685ec1fa1c2adc19cf8c,1
5dbbcd69f1f348af27b93c329329eb44,0
de42dda780e0f7ebe7baf0efe824a6a5,0
e57385e5095988bbad60581f803a77e9,0
554ca9cbc91e54d6265b894d2912c192,0
9742c196260cd4ca0ac45cd07938c68e,0
b1f235d3f826823341132f6942d71143,0
7ff4f2672161c9714685e8687b70c2a1,0
01c0a6a4a63401bb953ef639af7110d7,0
ee9a9ca8ca95a39448ee8e9eb64182af,0
a83c52b04b9ffaa1c82cf99b45d5b5d1,0
85d0742a5c63c62eb426653628361855,1
1c7cb32c75ebcdc81a04d611d33d1b4e,1
70b8b7b464f127f8a9e359421e06595f,1
031d9f9f533f7502956ffb776f550312,1
f8bee1961bcf1e849a9d51c2d703bedb,1
255d9d412a27255e26abef0193ec25af,0
caf7ab9f87ebcba83b34aaf3c3c4f1ea,0
6e63128e71f7619a09909b647611a43a,0
1eb8e619f9dbbb0b67f74868d99bec78,0
4eae4e0f7939e791f64613315b5110e9,0
ba9842e475d664bdb53f703726dd1fa0,0
a9ed023ed373c6bc9417d547d460ff3c,0
33c1e7434395134b3e8fef481ea9568b,1
539570cd11a08df83faea80337d512e4,0
4e558cce11a52b3f3d99e49512e675a8,0
3ca3b9d71ea3cfc0523fcad666018752,0
23ee93ef7be12be40d7f710cc0993559,0
0cc46782416d5b4eb85f7675c679b03a,0
6307107031fa722ca4c6d6364059791d,1
1881c0f9bec4e55ab012d4b959cb6e93,0
a06a571909d4b21f54342d74f27f116b,1
4fb23040d4c9f7ed2706200738767e4c,0
b83526f4efa5124ba6314668e05d937e,0
aefba8dc9e0802485b8290fed923fd75,0
6087a0f9d183c04d2430d2a0c1678a17,1
2b15a5bebc22b4826253ffdd5b45f873,0
6b7ca1bfceb3610f72f6ebe48bf02871,0
7f1715e290cccffbfc97d3ee0b0f1788,0
01b210320422d9bf04f2bba90a1726d6,1
f6166ab38eb2b36110a937d7964d4fa4,0
078dc605c5eb5df44d1105f51060ea9f,1
36979d8a33b694658cc9e27f90b984b0,0
e8f08ea3c3a857df09a193931b0ea513,1
7893135436fd4a933eb5e46e08068ced,0
484848b9b0f1cd16799b15c4c7bd88e8,1
7e631199d915e59314ccfc3734f0544e,0
7bbe20069681167aceb4af63c6c50a61,1
7921a242ac6af387352fded16d38fdd6,0
6f1dd6aa3bbf55e99bd82210d5a6f50c,0
4793724aa393e35f8cf54797453a25d6,0
56271db2fb2f4b0e533f470f38c27288,0
00a79065dd2feacd1a104355c8475539,1
d6c777357371f7db174e33b45439c414,0
7d4afd3fed6efbf8a300497fadfbd80b,1
c8d48bafded387b4a107ef91a1010db4,0
bc3ecdbf84b96d76fa53012c9e1326d3,0
16c58832f197f2f4311f8890fb02b762,0
b235765bee3c819847627b84079a9dfe,0
a42df4db85866cd8202156c88b7fa126,0
d3d272216555f8317b497ce0d7c12cc3,1
87965cbbd71fe904b0a5694b6c9863e0,1
1a0a58893155bdec231ecc577aa072e6,0
196f447e984a843826f2a0a61683ad43,0
c2e942e51d4a83defadbb4a439fe3c1f,0
2ce9958af794e23acaa10d89b6397b62,0
334bf95dd43d7e97592f55c695b5f3c2,0
43cb1bc70db2a4a14e8ea4a4e03f8871,0
828dfdc6f2a3b445961973260d15d6c6,0
a115ccd3977560aa919cc4df4cf39011,0
07f455e7882f2011bc0e71ddf03187cb,0
91395dc978f4dd9188811910d183094c,1
0a64aeba3831090941ec8bdc233b8f5f,0
4106dbfba91b29123da286a02eedb3bc,0
e0cc0c235bd43c5524ed15993dcf0352,0
7ef62c2eb6b29179a98beae1ad14bf9f,1
04817b2151bda35f068833fc716a9d5a,0
91ed17a595fc987c2222b2240ae94298,0
1fb093aab383c509393e92b817e484cf,0
97b59ddd3d67ee96a27bbc7ab84e95f1,1
f2f7f24ac71d6ca63e61f90c436ac66a,0
4dfbdc8acf1debd422df25f9bd1e69de,0
92d54efaee7127f34011942741702743,0
a6bdad7eb78200fcb00d4ec69bf7e82b,0
de57f60b7b4d3e18e03a266b38c27fce,1
f38f2f119671e92140f08ae9f6739c15,1
7ac31cd273d5890527f5cdabbd7235fe,0
cfe1e22e39cf6b511d8cb12759ca4c74,0
55f1c8893dd376e35d101e430f4f023e,0
d1b3d449e8c738cea9ba5aa6f7423c7e,0
06ec3cbd24b425853ed0af2a3c1d21f0,0
1406cde66e3bd809cbcd3aae62801532,1
084772cb6836e3b352b3b18d79f8bde4,0
880b272de32233a085920b335cfcf712,1
656cf30ad745abe601c0aa1ba70c338a,0
2670b0816f63385a72770f8e6d828269,0
b491a8abb9217c8a3b87f1f8543647b2,0
991bdae578406842b8d421d5ebfa3694,0
eeb691368bb5cdf45361ea85e181081d,0
3aaeb2652f351f1acfe3d0bbd5c14066,0
635db905b4293bf7049969087531bbdc,0
6b4f26a2c9c3f434da018736422f9298,0
0787d89f9d5f0f2224d843c06457b1b0,0
7de5ca469ff5502b957e94487eea2a55,0
d7f9cd7a7bc74ae0b8124e007bd95e06,0
4a65370b3b060b3b64503d7e866eb23a,1
233c89fb3a897d0474ad042c54d84fda,1
6c0cd68e7329eb0f83fd39c9c6f6a6ac,0
770854c8a5a634dee44c790a12799c29,1
c96e20a9c8c98a97fa40d8bc01b84791,0
14c3f14ddb2adaa775af60e1b345f1b7,0
03912a91e16275cb07ea4f87ec538e37,0
afac3d762d2a7c0d45be0dfeb69b9058,0
b4cb5357ca009974082f1232c6c03baf,0
49f0f1ceac29097fa1364a63e59a848a,0
21f1312f3bda3213ae30683fc90f5fe5,1
0133b0d675839f26689b6fa6173be0fc,1
9a585ade0a1a1d4624573d5a65f34187,1
e2ac113987b3e96e518bd4e1047ac572,1
ffc113fa980688d4dca3a9cff2ef52a5,1
bb7a87dcaabf682217125a0e124b0906,1
28ad2462fde2041ecea35e9dfa5be687,0
2471af20d2d30c2ad53a0c2b89edbfb6,0
fb41240d63179ff65f441d53e69fd464,1
1695d5055f95dea8f647005e1e445383,0
dd560ade08ae91ab0a6bb131adc9873f,0
ab2543e8f10c3b6ccad7fc713cf647aa,0
7a58d6a4be873c41ad342d59fe1233e6,1
a4c332b8aa09b5364b3f1969c1810015,0
dac86e9a383088546ccad4f2e3bd7470,0
d6a0b80686d69fbbf6d9b21b38f47fe1,1
860d460eee71e45b0f371841a3df000a,0
6b1e276e5776ed4ae61d28675d5ab20d,0
a904b58923c77c78135265ce77d7e6bd,0
b79fbf5e931d1e0cd4cc72f7a8662694,1
6d75905a5b1e5b1c473619509ce575b7,1
525fd1e849e1a315e6dd6a42c57246b8,0
2542ef4c41da9b37167ef29de8f3b262,0
8ab79ca1f6a6dbc22f8f435d5c9e018f,0
94a037c520c2ac7d086ad4bb3707b145,0
0dfc75aea3a868cf579b4072e78f739e,0
3357f196f3514de658267c95040fbcd8,0
050463bb51c4d4b4b59e7ab38ecc9cdf,0
9dd054e5a9c016630353c856e421b475,1
b73cf2f43e4f02bb8d51ce08cd8ecd49,0
ce76d242a069f5e59342015697b02fb0,0
4a1dd1093f7ccf01b783f05d89398e52,0
321364688eefdc73ab805e5696a420b8,0
c04a0e40a295cccfde8d5231c40b293e,0
0d5b1ada8acdb428e8951e885a59b8d4,1
8bd4e52228856174ec52949375460f03,1
03eeb029df201800e15b8dca9d9ee109,0
4c5ec8dab107539951d45ea97e7c999a,0
a73335f46f9e4f04fcccf95d1b207942,0
df2dd318eda24a2e7168e073d8e44dd4,0
a77002607c232a5df2b9e526a07e18ea,0
0da9e38292d8f7335433944d4860c31c,0
31802bc018dcf8b1fab8ddf61d01fc7b,1
cd4a18b68a46d2166f3fdbf68d345e60,0
38461237dc6f4cd365f5e279f92d4eed,1
12dc371966cbc6719c8e9acdf56b61ec,1
215d48922a2c747e39e6719ce231ac5d,1
092386189114bc375f6109eb8307cec0,0
c84906a84e9aa6e7a6c8bbf3e90057f0,1
eec1dbcc16163cec9f56ab45983714bd,0
a4c7348870f5652c4c19c2d4a95cf43c,1
b509ad9e8d7627ae75793067dbb2276d,0
a5cb42e23895af92ac5a10da85197ea1,0
f106dbcc4eabe0e37ae0a8023e4eaa04,1
eb55b2981b4b2b236b1bc3a11c82007d,0
518f5df75c1c6c31b970f1abeae551c7,0
8fc062a671357ffa82b787d39c99c4bc,0
bdc3e4d06fa0899c7274a0484f456860,1
17d821c1b6a705b8ae6b37c3898bb697,0
ac23d4290437c13ba9c8af56c09f0781,0
313e6c600e919fdbb8a22745d39175c7,0
1f02a715b0604a4029696183624f3a0a,1
3bbeb0803c36b934b00e9d485e645067,0
a67fd52df8c9b0820c76724248e11f92,0
c24dddfac5ad6a05d55dd0afc9ee5cbe,0
b1c010099bc40d48f74cbced8a6f4f02,1
af8c23552e9c86ff163c68fbd0919690,0
6f21f944630567e72dfa49af248bb0eb,0
fed0198ab8ecbeb02da47b0065bb043b,1
37f246a6102613d99429c4e41896afd4,1
93697d91bf769d7f4960e4b10a47ecbb,0
f10286e56e5cfc568fbc7ffd08907650,0
a4138d1349e5eaef8ba1f942ae3105f4,0
565b758ef67bbf88805ff8fea69706c8,0
b420057be318dcc411e41bddd409a9c0,0
6d10deec36038127286b79e9157bbc63,0
1b3a95fa254f2e92a2b84e9ca17d968c,1
019f94493f60d6cb145b4ce0af61a04c,0
ecfbaf333c934b113188f9402068c92d,0
60ec4390329ce78a98429052a6a67c20,0
0ee82dcde11b960bddce9beba2d6e6f4,0
006f0f42e75239f907e01299723147e9,0
66b62cef3447e7b11b5145b4903d0f5d,1
deabe30cdb5ce79fed53515d5fdd25ca,0
9f5e89a7f1f099980cc8006fb7537b45,0
7cb97b78248d0a6345632965b12f57dd,0
4ba433d5fa30adbbec0057fe9a92f16d,0
64ba7282376c88ee7388675684a76b4e,1
37862265f8b383baaf0789874e01a525,0
5d4819f90a4cbfc10f7505b61ae1109c,1
146ff0cc008fd67af13a47cb579753f4,1
74483553ccdeb2ed641adcedf70ddc69,1
9d48bddbcd609f5cbe51dd13a062b2d3,1
f9f8b782e018e9a314154e6c48c10dcc,1
93676feda6c3f16861d9ab4d79eb5500,0
b1e016314b4bd8276b169c942e0c4eff,0
6efc2bb76a191916f73e251ac795e501,1
3ac27befe16f7fb8525e0bf836288042,0
444ff5258081d51036df9223014eda6e,0
1b050c080f8c744cb778691a5f4f8556,0
6c42516fb12d9c75360cda30c49c7c7d,1
88c785aa8eed91542c0a3b10afdee388,0
f6294af6a9e8c6d07fc6cbe23100d001,0
6f4ba6ed19d6773d0de88f639815f6e2,1
a53f5f0c5cb9e09b91c88bb24c96b58a,0
099a811c2ad7fcfb746009c561f57377,1
eb8c2b0636e8e5cbb337466bc60110e9,0
17b93bf9483c95029bdf97c41506612b,1
555b31e37f565369fbd8b622fb81fa21,0
b1b328a1801c10014c6cd4a5e8da1cba,1
d66301d2053e3b84acf8a38e5b831ca2,1
8360d534261e3b5df7fe4fe6623c5ccc,0
bd46e497927178c0418622d781789dc5,1
7437727484d35995f83b98b4f6839795,0
956c4cac5f587f22999ef44143fc16db,0
8de8e9bbd171ec8a3ff11192a243840a,0
db00a5b134fd9b39c663db380bf8d057,0
beda886da37b547559b7f46cd8d2d1b9,0
e4cf38a31c15d6395385f81aa6ce6e37,0
37661cf237c4e62109b3fd64e39c26ad,1
0835d4363cde3f8de3f94d77dde6bf13,0
09dd387aaaca05af21c6fb7f97623853,0
48c17e0dafcdaaf34eeab4dfebc95850,1
7f8ed48836aa043c4b1e4ce2e05b8fb3,1
dcb5a89d5725efae597bbc119ab5bb90,1
27e8dea274f96b7faa6f7b515d0a56e9,0
5537ae68764b67d0c14bed5cf2e3f646,0
21bc7b060b8cde69043d1136b44297ec,0
c38a37538c4ed577dcf0c934957b3492,1
4d56c03fe326337d2300dec8f132fb8b,1
4b42ce09516beb6e7aa11eaaefa10235,1
b6642056e5fdbd45c31f85eb93eb4913,1
3737b46a421092fd91c1ef5ab882174c,0
5901ebbcec4ecffc49cab8667bd521c4,0
cdf86f60d1ed0738253986fdaca010d0,0
7c57aa8d0a54af21d56e039df1e1d0da,0
57aacbe7dabad48ca6181883b3b812bb,1
285f3b1ef9bb2918cb738a0b6ae55d43,0
3491186d323708c949b2cdd3a40162d9,0
bc09cf028f2f0ed06601e98d32048940,0
15e447cd7bc9924e4dbbafb07a12731f,0
64952c91dd61e3e38788a604fcadd96d,1
a021f87f90dfd841be3287cd9b133176,0
9acebcba6410dbedda3039305c51fec3,0
8dc8da36d8d5ae82d30b522fcd111823,0
47c11fa720bd94ef51c3874cd2e78f42,0
919d022ce94bbe14e2b77dbd52a0ae11,0
f51088e323f3da210637e73ec4df85d3,0
316fbdb8c2cbfb2b650d424a0bbbdd33,1
ef27e3b6beba2f6c61cb92537c484822,1
77d22b0ba347d8178542417e173c4b1c,0
9cb7bb63de41672dfe9162d2a47f42f0,0
224d40f7e5aad0034af1b4934dfcf4e5,0
bbb1668858ef27419e58f4cf7d3c2620,0
842add1176450c3cf800518625cd3acc,1
766f434a7fe6c2919a4239182e1d4a58,0
660a51133e4f23e323d20b4c04aca21e,0
840083b883270f074d0be9cfaba68a86,1
2d82b670973153e4bad49368989aebc3,0
2d8a7633706bba4e4e9b4631e0889e06,1
865aebaa9547cc26f274a4fcd720c69e,0
c04fae9374e03af14660b9412c382406,0
8baaba17fc189e858dce597dd7147ae5,0
2a2107560c873414972b0c5c86a99f74,0
79f22102b66701636eee15159aece176,0
8054692fd008f7839608bbe63d05e9e7,0
67f6493ad017dda7ca5a5486aee995e4,1
b499fadcbbe96f7995f0be8cd416a100,0
c40591f0ab8c02ea3046e46b4ec5027c,0
09cb30ca72967e6aa37909ade27a0a30,0
8546dfd497bf172c510801ffcc390093,1
6c6d29383c64e64cf8a498f2e70d93bf,0
74c49a5f3239168081965f1a01273d1e,0
9c39f3f4ea36661cfeb2528fa8da50aa,0
5914ccd943cc1a9f9ff2740cad0cadd5,0
f64328778ac36b2febb2d91a5cc20ab0,0
52bdd96a221fe82cbc977383ed9da36b,1
af7a57542e8d95faf0b2c66908a85d73,1
06e4355637433960af8850ba021cfc64,0
46be5a06270b4cc74b05e39c24efd4ab,0
69b46d67a069362c0e52c2ca15f6ed6f,0
dc491dd001bfb04dceb47fc834707e4e,0
7dcfad6c2739aac47884eecdc6d82ec8,0
c4b2685a8e95ecf5b5eda4e26800ea75,1
62b3b563f767f0d769615302bcb4aa6b,0
5f1505cce5cfbcae57b1c87b710f5410,0
bdb2ae63f8bc2b8b9261a7af2c280342,1
2ee81e7de26322379569e1d04d04b628,1
b72bf23999de222746413d0ee77ad45e,0
b6054ba4166ac3ed26a3f9640288edd4,0
4f9c17383911ec8ded95feb7c8fd9c88,0
d7d847830627e45e90dbd08a5baf80c8,0
7b78ba9480ddafbc594f5441b1b58c12,0
c24d569ff34ba5a16e58732f9597c954,1
a1cf1c4bcc982fad4652e3d486236902,0
0268c8d37b070c1618bbc720f83d5723,0
314daa3d5ca1f57f794f63be3dcf1a9c,0
d984bf4f97f7e1d01c3bb8ef9ce2d37d,0
c94e78201ce4c83180d515251f918a5b,0
09771c08967e68ccea7481868deb4389,0
209fbc8b761824af543aa3085b0f1bc4,0
9736bb6c5ce47dd8e644046ef17c41a0,1
0b5c1c395a80ff9d6e15b67752a852b7,0
e0626e022a2363f363b0bce828228c6b,0
0a462912c81f53f2bb00b2cf6444cd2e,0
22ee1f922377867783777becf23b9ca3,1
63c9d5ae749214bc7a76a71f84bc5b0a,0
bc41322c38dc509170a7e1141171662c,1
8d9b68a6dbc8d92b5a56a251dbd8c888,0
9001c397773bd90e7e370633a42ee564,0
97b5fb7dbd21b1bc17c12a9b2e823745,0
7078d048869d7d3d226c9d3ed6ed74e2,0
f7d85edf75f02759df37e5906bda4db9,1
151b0555ee8b634039842a2ce4eb4c35,0
3e8b94a9ea49d9047593ac888948595f,0
c2ecdf84c7a3565764b6c10000a889de,0
cacf3f57ae53cdb318cd65479cf0c787,0
24567ca89742b697d916ff9fc20f7763,0
54f006e47ce4a35de5bb50d5fa5ee7b7,1
2871753370917893a2aa0dc735ea62b1,0
450802d63373994ef739a6ef5f386211,0
f88cd1deff0f02b174db5bf2505052b4,0
cc4e0af56822d8e0ba02435bd268a5e2,0
ce34f3bf15d2ddd24f82f9ea1b652d22,1
e846ef176da5dbffc543d500234fc4d8,0
cabcc5da72547d8de9e9cbb7eec02f46,0
e4744dc29537f7934ded18f901bd029b,0
b11d3a9dbb82c2948433795da2d8a687,0
b12b855f593fc97ee21280b87dac487d,0
c39441083c965362609e8f9774ba1bfc,0
aa678db7198e11b5c9c9c5db5229280b,0
7c2674483a379d4f5bcd7eded48e2631,1
2bbb8c585bb33bea1c05beb7d0eac216,0
ed596be24bf4a2ad8f582ec214248e1d,0
d7d512010cc04cd35c90a2baa65e7010,0
f085647c97f5951f702b4142f397c207,1
11d7025c91c79c4070e6d198a1f201b7,1
b6ad2640f31a879a3c0d3e52c2e03243,1
0c44f3f62b2ced09a8c3c4993efa7ee8,0
ab32b20f6e58553e7f1e09909665afc4,0
1037ba3bb2af94beb85a8dfadc70fb32,0
4e5a85dcb14f7a5bceb4d12dad333d84,0
83ff7dea2a9a27583eefe870377d0d86,1
422bc77609c89989bb61c8a9a6680c0e,0
6aabc5d9887fb70eaf05503a7d965db2,1
0baa580b33e2e5252e36ebba5cb9cad9,0
23065e72950980245ddc2608de94cfed,0
21c981ff3630c4fb25583a2631b1d859,0
73820fe63d9567e939124bfe6e3f9b23,0
8ea6df2b772db57c2b3581045169bdf7,0
9e568da6b76bafd3c80752ea8fc2d3fc,0
154913a6644b5246d1a3f95717b05b03,0
ccfa3734cdd46f6eb0dd198496fa518e,0
d33226d60ed0def975f1df83cfb5d657,0
12439695966cd2964205a4ab48d29961,0
297a694d8902c88bae94cd941d80ad5c,1
0b3df3b36e14dcbc4662dd8cd7fa342c,0
3def0607257eeb3c95c54b55c7a780d3,1
90df6d3d11afa9895982d70b263ad55f,1
a98ec0253594d14cada3f9c0b0347720,1
a1d1dcb07a3fd6fcbe4a222ccf1532fe,1
4a5360e03a725bc865411b56e05245de,0
3c674320b845ef273c2fb107528c804c,0
ed2c83721daa7a2f167c837686efdf18,0
ac0ed44ed605e698a0ec3e65ef26f0b3,0
24d06b6a864bcf68895aed689b1d5bf9,0
23bb2a23044709a7fe04744a2b6859a9,0
da6f32fee91672e740836c2137d65692,1
97fe23c50bd188bfa5a1c2b703ed8898,0
62789406009db5da3685806704449af0,0
f8dab80c5a6bc066e89ab686b7215fe1,0
cfe8ecfc3ae8f47cc8bda3cc7317f0db,0
ce09fdd7e0f6a3ba88cde0868e56641d,0
0c6185295b756fee1f4b71847075d126,0
2c724219bc0e52083c2eda9a7eb64339,1
72b8c593f5fb955e49caea1b2de3b844,0
d0f2ce927f7d1cf763b52bfdd9e7fdbb,0
97b1e341507dbccff14a7f20f07857a9,0
f27e01b1c1110ea4b30d5c8228899575,0
dbde9cf67a3d904be69e269423565fda,0
b65f216348ffeee1fae2c5eac88ae008,0
91265fb0888cb9a7ff04c5084c11c0d7,0
1cbf110ef18dc8d815a3433ad47123aa,1
81d5988ee859e52078e9af9d54dccf6f,0
2aee81b18272404555b309cfc5872855,1
7021af4de102e9de62b47900a31c4007,1
023847e163c11c1fc55e678c50dab8fa,1
685417dbaaad58873e15f9bb1e9fadd7,0
3642da6dd92ebbab985daf908d07bdca,0
11aaf7ad7f6890941bab0aad6b05c1d6,1
829c6e9b27d491c49553db55201b05eb,0
b87bd7b5352d159c7ae2ecfc00c7b0a0,0
d2024f70c9fc155d97b618e9dbfb0c0f,0
36602b7dc4198154b63495e8dd0ddd73,0
84cb9ab60fc043f6d3b1ae775c7d4b5b,0
1c8f004091b13f8bbeac317db9e54279,1
366466846a50b407a5ce828e754d363d,0
23dd65974cf798b54fe5ecf80a9d4c39,1
743b77a01bbb40713ce29c0b7e2d1459,0
c9160682bfdc7b92b368a6c80212e348,0
ba7a81bae8a44e230502ac1393b352e7,1
8586023c37e6a703cbab24f441836a24,0
7b43a75a4d49814cfc7b247ff63bb6b4,0
a99ed40b1f4da2c488dfac0030cf0f8a,0
9bb81d35c2af99ec9949afe46d0cba5e,0
e5ba5dc6b006ac8e0a69a3b1a1add195,1
7470430b5e173379f530274e192b75e3,0
cf55fecbc47f848394cf81a3387d2c93,0
02e006da19787b414d1ff3df8f60fdb6,0
3f5cb95ff65ca5b3c7c2b3436af358e7,0
f7ec52589a55712900afdd5ab077b66e,1
39afcef2ff9c4ce5a2ffdf701317c05d,1
64c82fcc0790b54685a8cf7c92327288,0
702664e310a96568d7f6bfeaead66efd,1
c9243de4ff60feebc296f3de05949605,0
8f1dceb54ce7afc2e23f2eef35fc5b80,0
f6c4cb95e415f4a84c44b871e7c030fb,0
1ead31cd4b203d797bee02eaa89cc1af,0
0385f7c8535cb6c28939f1b431f9b8d3,0
a7dfae5342e01efd73197da90fd7f03d,0
7deaac20a3df3dddff9f8bab774815e1,0
b7ab56363943280bc6fdf6b460bd17cb,0
2b8f3606eed33f5d1a3633641998c1c7,0
25175b77017b3799b360499bf4c9f6c2,1
2bf42f69cf086bd4048c80630ffa26c8,0
9f77eab0d5b8ab7bdc93d6745663bcaf,1
0708f49624e5f4ecbfa72e7405b8b817,0
4b0f9663a622654de07d067b868aedc8,0
ba998ec8755a19e9b472534a8b4a21a2,0
b014921bb1a7348261e3477b4531c889,0
4cece265b6d53b0d3d62ee09de8d8c90,0
cff5efe13f78dd6a4653ed6e0ea347b1,1
b0f693b1769d1fb6ee9f781d886864b9,1
681d1cf1e1ad2d337a518888a384d3b7,0
bed946738d230ff3fd2fcbcaaf8f4486,0
189ac0835b0f9371dcb54312666a1892,0
148679b61a4ab3c16e7d9309604c1f85,0
555a9d04d50e2a86f392270bd489d23e,1
ab98abd77bb0aadc8026b6f076f9331d,0
e43a7658e94e77b49fe7eaf2c0a7dbd6,0
bc5a0cf16bb74cb0875903331d946c5b,0
ebfe64c2229ff6182003b58e7e48ec17,0
02d9e388f82b924214f0240eb9ab56ac,0
bb409b303654499cacac5987a59445e8,0
bc379c37690df47b68137278f6b0a17b,0
62078a4fedde69472995d545863bb816,0
e3085fe3f47cfba261c4ffae4f111c20,0
427f295328220f53e8822be7add84c56,1
dcc721c22499db30bae362214af10168,0
eb18ea7265f33d6d1494c59b876b33dd,0
8e784b029bfa8c3903ad1e3d40fcb822,0
26a9510ee7383c9a3ae6d393f8f83130,0
483edb6dca7b39ccd8fe8043a2654958,1
457665ff06909567211041ceebed5f85,1
5e6f6c765ad93fc2ce7297703c2b4877,0
4930269281b9432663437414a811179e,0
f7789b2dbb7e8b818ed50fcd183242ff,0
f9f3833155f3453d927e80aed5e7c903,1
7259f14c79defeb896e70ac21e477603,0
8bc64f06a1c93083f1d1b12a9fc46f03,1
a8ccfdbd71dba2a81200530c662ecf7e,0
df6d155930b058b2e8962d6e1b814637,0
f306be86e032f72f7e52e6bfbcb77ffe,0
c82df64000883d760e9b09b48d393e96,0
38c9992f8e3a58aaf8d72add1646a2d6,0
5db22b4aed302e5ab84ec202eee91139,0
08835233dcdb212740c9187834b36b9f,1
7b9c1dec10236e3e8ee709d2c7f48ee4,0
535d85b26e38d00d9d6831138a8ed922,0
544fde1ef2110e30e1f6acf482ce3288,0
f35e7e747bb75d0fa292aa24f5dc2993,0
436329353594cda052cf1a345f2d565b,1
416a2be95542f58954c373ca2f7ea9f3,0
f054b2429cabee2d49d7ced3fd8579fa,0
a7ec990dcbbd93176b5a433c069b7e7a,0
0171ff872626a0ad9cb94c2c40fce5cc,0
f56f123d6942ba5c4de6a87c97938e2c,0
58a47a9f3b5ac836d60503c13fccedda,0
61f6e1fd856b01bc775c16ee1af0a9f7,0
c4c4e20fd75e00640e91b82c277ff953,1
88bb626201efc7f6bd1364cb3ba51e43,0
0f538a1266d09bb61ddfcb772b70d2a9,0
3ffb1eceee26ea4aee75be072b4185c8,0
63f323247ed604919c268bdeda1b88b8,1
81890ad4c3709e456bc7a4bfa8447376,0
36576f4a5cd5a52bebe90e06bf6808af,0
ed627f6beebbd81f80b8bd325c7b2f35,1
16a6b09b8000c78dc7cca8aa6bfad365,0
489012777ad1f0e4476ba849c06a409a,1
f707fd94658020173bbc6ca8779e287d,1
2f61fe73b4d9fea8f5449e6beb4e6d3e,0
cf492e15121c6c7d4ebf22a5cf0e38f2,0
816cb9b725ea66937a7637e46fd75261,0
829f9f0ac2d6c6a0d540ffd5989bed5d,0
df1f5d0f5a8d02df3d70863cf212f816,1
209f308c73a2e2a96d0b946dee2629cd,1
3555b25bef6af9e277b380897fc987d2,0
f2202fce9d4aa952c14797e5e0936d9f,0
5c6327ffdb88086fad176e9c0c543ddd,1
3fbed7fdaa861c066966bd815df16189,0
e633008baf8a087ffec2275a7415ae69,0
91312fa28145bd8c692a98384a741887,0
9f57fe8be9b643967beac843fc9193bd,0
950af4d8de0958cf57fd8bf987011836,0
5662cfd3ccfec515364db1725dc6ae3a,1
6a79ea10e215c9c8750cebff7dc28b2f,0
e964536df26a0496192428da7fe6d3c7,0
027372b50db108ee87228f794edd915b,1
993b1fef75856b3c8e8bed7bdb5c53f1,0
afd4417b70ae623b9aca8df9bc28c794,1
82a6779d0858b1fa089958a1ce129447,0
9af9b1148bf5e713bdbf7c2490b31c86,0
a687478279065689c30d62b7b619f061,0
fe231b33e08362a238a162de239d87d6,1
7e7aa0f2ff3bfb4e164ae4838bb973fc,1
3544056a4a9c83547764a7d28a04423c,0
660fd7a1825862522675ccdb3db49ba2,0
039be9eefb9ecb63bda4de59989b2599,0
4792a6276137013d16c134818b7ab28e,0
1940878b986858494e35ba35167a4bed,1
27c4d3306476cb3aa00b7a2530f74668,0
289af8513fbb078bf59ec9d157cff8c3,1
67c30247caf4ca515bb3bcaf1d958d6f,0
9763107ac8985b2bf1d4c28e1759a071,1
55d174c6cdce1d801e352c20088d6c69,0
4c5da15d54bd62ea6e92314facf38f71,1
7893fadc10be5efff384a51986906152,0
f25b6f851c53df3154d07d69e85ed0dd,0
e6626dee5a7754a3b136f1b13b925926,0
c8e1065b863818abe9f3fb84aa047f42,0
ab8b77119439daf598b0f6b0801af58b,0
6959d95d6ac1b9d9d57ad6a63a9de134,0
267dffc66b7e11545312f586f5a6e7ef,0
c8b023cf73db61dc3dde953103bed700,0
a6fac301558a4a6599a9b95d5a0f27b9,1
a1a6cb794f6596cb42b160ca1cde1ab1,0
c69df0e138dcf2ced2975bec380ec8a1,0
9d0e505d0f9e0c980f0c8acf631b6bdd,0
9473e20e91875485bc3bb0a1f8267e8f,1
bae85b4369283063a21d89734b7e16af,0
116e6c22cd44dff4786d7d5bef9eb276,0
53149e1474d4352e5560450825b73bd8,0
88fc9137670a55462a66cb78c0f6adad,0
657d7a2c1d0cbb30e60a6d13caefe23a,1
21a76688f759e05a0268da33a38d5899,1
91d1e5bb0bef70021de6f8ece7f672b3,1
af3083aa22ff110c21b409e4bb5bc8bc,0
3f5c227fa530c674390453be57ba38db,0
e3f0e9b4eae354d5adeb4072db4faf97,0
f4eba392fa45dda83f1cc177b5e5e780,0
563e55ffa8ab04abdf5fb1ed0590b402,0
595171ef0f2d438f948bf773f35803d1,1
30adfedec270b97f6b80054c7a3efca2,1
1a00c063efe684b48d95c8f49cbef36f,0
0be46aeae522067c2ccbb408fb431886,1
9c30f36ffabcb68ce5684f18a6bae78f,0
5b531714c9a6b7b7d2ea434a9351534a,1
a23445c378b9a4c294b9c8c7d1e1d8a9,0
4af7bafae6ebe8c2b8cb062bf3a88cab,0
58a192c56eff7d48740607232cea9d49,0
69cd4d0cd9aa5270f10cdbf04ab37a16,0
4757a2cee47b9c8812dc35d6796ca4d4,0
a15c533f00c20fea6fb27e0ab0553bfc,0
81c7fa83378d64d998cdb39c13e33c5c,0
b05aedbd9dc066e6fbbaf9627337d58a,0
2dd515b211b592ec1354a5809ff5acc6,0
50f92f54fa688a579c1dc5c9640ebd4d,1
ec20eabf0e228eacd2993beb6ca2066c,0
c4ddb06bc11ca414d70278820073590a,1
4e9733c5b6befcc65e0cd10bafcc301c,0
7ea05bfd42da21ba835f8f3f01add45b,0
ee3701e6fa6a6603c5165e995f706eb5,0
c6b0e4e74dbffe436ff482a5963ba1b5,0
72eea7c8316ce1c1f30b510d9aae0ceb,1
a7464057056382a37ac1db438f6c5278,0
e18b840a2f078edae4e3ad6a72f1d694,0
c2f02414a97fa6c081a65d9605045ceb,0
26ba357c75025928a3eaa547f9401bc6,0
728ce6fd0d276ce751d295f72c62c0d7,1
c3b1a1ee8d107f322bf008afba7e5a60,1
c4f661c91cf356f3e130be21a9fdae43,0
d8f82a097e3a903a11d0dd7eaf6fd140,0
5b143dc3d107fb9c14a27271be604329,1
51acde1a3553aca5110d8c06cb2d2f26,1
5da1e218a865c1e61e446788d80cc145,1
3cc42bc979560417ed5f54dd8560198d,0
666d68b316b3640ee72ea90eed49c87a,1
a64df726c9b78a6ca1d33ca730b48933,0
3695ef7beb10e8a142c4fae88555352e,0
bac1272b07d8628792ac151687e01854,1
eed6f5089b343fa6c594f5798b5f41a4,1
46325de08bdfded908ab9234931e726d,1
5d8d74727060a65b091547a9d6ddf208,0
1ff966fb973e93e985392dded73dcbf1,1
d57289c750d869ce06e2dea406c2dcbe,0
7d28d8a4923ebc12664092feba853d2d,0
68adecaebe1dc18fd3ac2e0c7eea7198,1
c1af976e15b3c0f4afdaf12ba85bad46,0
3381f61c355897d24af7af6d003212fe,0
e138871222f3c32e96eea3a9c74b97f6,0
49c6ee12f4427b74cc65321af936d8ae,0
0aeb57e249b1d8c7d99eba4f4848ff99,0
6dc0e1c82dbaf00073e96431783164ec,0
24b97b26e0f958429b38ae5485765239,0
06ee00a516798218ac85f5093b6c3de3,0
2343ab71f5fdfdbdb579ab69ee9d8d89,1
2a4424843e7d5bf6cb47be392b942097,0
08a153ea4aa6f22aff4ac6b7ce43ce2a,0
79e06880fc370777fa3e39b761337bbc,0
f3566ad0a663a667bca9199f4a3ce2fc,0
c9652641da9d7f53db55f291e187b948,0
a39ed9d79052fbf795dcae736322089e,0
cba457669495098c6b2bd2461a0d0a3c,0
61f9e231782db6a195b14d3afbf032ad,0
419abd35753365b4db88ce3b30bcf598,1
d3443765c041e6ffe193e45d5b3cfda6,0
85866c3e1e3214a09e8ec6c3e540abf0,1
56d5563956088128afc6dba94f0f3b34,0
40fb400e80f76b6fb58e0765128256e6,0
92d469fbde30eeb536e5cb28e40ab2cd,0
506da37f1e58a8d2736ba26758719a98,1
ea871371e35a3a6cff332d228daa098b,0
2157aaa888a98c66b35280adcfda3b01,0
2b75ea169363945d990dbbd797ac4079,1
a8891671c9fe53cfba46f08cf3863a43,0
04c3ba5d614e715d779945b85a070ce4,1
aa09cd948fc595fbcb210ce519673692,0
bf5655ab33ba4b26231edaf35481242c,1
dc04cdcc97e8ca5b5582154c4434372d,0
3ffe1c3daca6ab7fc020f6206f5f61bb,1
7d9aa01433a179a89bdc02f74d5dde47,0
acc28729b23268e69031b3f6ae3ee555,1
a541011bc752ff33c1843e349aa9f27c,0
9ade849aa624a899f37d2970f5ead1a8,1
8794b6fe4d49217e0706d0c2a57048c6,0
b60b9a658abe9ce83d11934dbad1a8a3,1
eab1a40de2b1ce7df7e731c3f1c25564,1
25e158bcffc0561530c7445974db8199,0
b3809cd07e2ce76f1e7a432a3ac1f76d,0
80cd8df756d0026c76d0d58103afde90,1
b813914d098e782e8ad999d963baffd9,0
1affc0db8db1e24bcf45f65889b2e402,0
2008f82806ee029ca070eb259ca6eca8,0
15ca92924c358ea7068f2685c66c9450,0
cfa3d1631a7ec123fbf812f26f909424,1
00bb90d261c3c473795c4f89968c57f1,0
60bebe581eb7cabc6da805d5f2ee9ff5,1
2fbb387439b81fc199b49c6ef9788119,1
08c11affe423e4853414160ecc5fcb6c,0
6a745441840613c47094d5d5638b0bfd,1
69324d63bc640e9912b9ae07e1a6b794,1
087f493a5da8f1fb7420c8e46758dc92,0
345447348288998ade4edd9e6efb8aec,1
dc161d4f163660027404bb7669e39312,0
82f9e2a8d936e625912190e7e530da48,1
5532b00aa095adb2081e7d80134972dd,0
09a73191cb32bd97de2f4da44e78342c,1
7643910e78445aa2e3ffe2660d3825ad,1
6a80243b01e560399e154e6e5395e97f,0
617732a7645c584f9ccb60c69122371e,0
1c238a3bba1b34c9fdb6be911d2bec50,1
3043b217c1c252a3143cb47bf7892741,1
2cf0653278dd02384c39906bd4eb426a,1
3c36334f710b72238ac51c90149bc021,1
9234552a1e6208a5288e066127bb74af,1
9b329ddb0a6a3270910e07828948aacc,0
89b3777d8d3b5cd4d05330451d300e81,0
d141cd808e1993ef3a548eab3fe269ce,0
abde4b90c9fb4fd364ae56dc9384d43a,1
38a5b7e348d49548a0f48854f48b2317,1
523645946b76317e6da022db39e2878f,1
822e5a07b8c66b4f91c86f7398fd1e7c,1
4af55161cf6473ed6676484520165054,0
3576a534368d76cc9013663229e901a1,0
2a767d5675d9f4136939b5154e3f97e1,0
5a6ced1ca992a3e9e150b4eb1dec5c25,1
8a1266395c294b765f1a7ecdc6daaa3a,1
996214bf33fc971b95c2f243d636a9ec,0
71c02c30e8011d2e65c66a90b2d0916b,0
1d4108ce9a738136b792f591d6f56b3a,0
cbd048c73a35e87cfb809dde3a2d5874,1
ac011ac30b9ee6f5963cf97cdce15efb,0
530033b888fc71cf3894969848785c7e,0
a3cf3f2c96208b3fdd58386a08e71ea4,0
87c0e1ce8e82768e8fc5256ebd1c9fe2,0
01181077e0cf68f18c38c7ceda84a861,0
4d3c5b12fe8367e8a7ab35c122b9e958,1
340d19b50c8abd45e6dcbb8647a31e84,0
987ffe38324585fde13d3d74df4b7ad8,0
b05814fb61d92441f482bb73d2654a13,1
85908c67977d6211abcbace429873915,0
993f846e9e3b2b241032f5792481a3b9,0
c36c3af41b4eb20c005740c994139e9a,1
d6051f7433fea7b080dd46d5381451b9,1
d727d38a829ab0e2b2e53cbf94292d05,0
bc9c322bb4a89e7f1ac7d58af49242c3,1
c643bb39fe9b08949b9f92f6a7939244,0
0f4d58c478ccfcd6bc268bd2272be569,0
c6eeb03f2155f271619807bd3498cf4e,0
a8bc5788b8705e15a9a8d8021064ed0d,1
cd26c1b4fc9f4fd9cc46ecee78509611,0
d3af20a70f79172757ababd32ded9f01,1
591ef62717b05ebb785dcf22e39a743d,1
3b9e7337b4c1eda2edad9425e6305a28,0
fd86ad3ec87e3e106b6305124f2f284b,1
5a2f7b92aeb236d5e4ee388e873e4035,0
a72a9dbcd24d476f6bba23389ecf0168,0
459ad8a47758f55ae2461e720c5684d0,0
0223757bdefcf4b49df3c0bab9902e29,0
573d697c69ae8e695101c66052066799,0
6ebc1d7bb83274be0b7a825c76aaaa04,0
72663ee79f542e24abfd33a667bfe3af,1
f64d6e735c9e9446f96fe53fc76e8951,0
9f74c4cc8369c4feeb23501ddd1f2bff,0
dcfa0efc98cd48a8f54a5992a8d36156,0
e136d85cd115acc1cfb5441bfccf3de2,0
b27edebe379fa61df5e6dd28c848779d,1
e0ff61102ad0bdd1e69f8a53d27b697f,1
cee5a10ea48308a559d1df13f8fea4cc,0
7f6ac4c5d4eef63a1f5e4b104c2debea,0
06c34d300bcc1593563892596d5fa458,0
59410e4230446e75dbb5432254109cc1,0
5b6ff08221ebe0e6c5b132589d4aa595,0
022e2c17f2e846fed51283d1bb6d52fa,0
aeb6f92a3a0089cdf9c78c820c98669d,0
bbc35a1252630f439f8c16d1d79f6519,1
caf29317c11026dc9a2455d77dfcf18f,0
2109ae96c536fdc8a45d1452a7f9d634,1
d6725c6eff19d5aa25ae9ea76d99d4aa,0
0a5ca5567a0680907d675ad06764066c,0
b8e26bac2af5b0103da8d21d92f9724e,0
d47075c0cdac2ddaf57fefd6156e6129,0
512196f6d8f1a7b0468970b7f79d7582,1
e4757f4b67d67ced6683f86d6b864124,1
27dca4eb58f94191a96ca4c11860448b,1
96ce76d288581fc5c8ff287e1e1ccd9e,0
56746dcc481ba2c02db506a1319096e3,0
7c9db7e4ec32ce60bdd2d17f2ab69319,0
38b9a7f1e2711bd137a97d0d6dadb990,0
3df8b5d01ae8aa0500849efcddde2b14,1
41349b2e2745c0a5027586a41c0a81b9,0
5a97b5f1fd850fc8a5735be586115937,0
1c543aec874269f0aa0e5be9cd7f0d07,0
fbc3db74d5ebfb9ce2e8e6f0f806988f,1
9649024447baae657ee77ec43d07c71a,1
7462b8c354a25021af593025b138ab75,0
46e9db5831e8a6cfcf0b1f8cf65aac7e,1
201838a2ca386bf6951eb5855c13c01a,0
0a876f989c1ef0d1ab5316acabaaeb4b,1
5330c7dd26ba3699958876dacc392839,1
3f185d714080b5839a9a2f0fa09c97e4,0
b41ccf9a1e0b15e3b8cc54e6c18df266,0
31f735d1c8873594e3f29f57319ca11f,1
492ff7840cb777c62693f30eaf73b561,1
4a0bdb1a959cae99440c61e2a9cae86b,0
b0a28bee8fe16a9b0d497fc943b0f19f,0
82f49fa514768336900247b89eb25392,1
322155a43019a2ab9e44389bd5d99562,0
f3462b06a419250a5813e632a9e4508b,1
10e5bc92238070bd9c306e3fb599d8d6,0
bf005960b2455501327a2aa98f582da6,0
b171521505e1e5a014a4e6ee58eceeb1,0
cbaa08806e1973273cffce2be80c83ec,1
00795bcc703c27ae96143401088c9874,1
fa27adda31a0e0e7cd21f3473a7dccca,1
b7e8f786534c3b3302dd04aa16a255eb,0
168b2793f3f7a8b5147f7f3b9604bb37,0
3e145002bba119ea12b9cf72f033b570,1
983f2550d67fee4d395c2a51c79c7848,0
c027dbf988f78acfd86166a7e7745f40,0
2fe0be26d1ccb62c8aa23c8a96ffc03f,1
110a14b54a5949b10b79f1edfd8489b1,0
429eb0acfc8bd53dc4d8f5ea97678aa8,0
0998f30bd4ffaa23c3e80f8e54cf8431,1
ece30e0893542d371336d6e3eff76e7b,0
2b4bf06b58612708f49f8d67c0b6927f,0
40929c48615a0290b3a60d069c5be9c9,0
8f21b54810e6badfdb17f44e3b41aa05,0
ad8dbee84e2017c4118a390a59edf6e7,0
b26947e0c02b2af6fe33200c600097c8,0
496b7c5cfeef3fdc62dd9ad168c09e4e,0
2674b7a7a1bb68e4dead3a1829d9ee27,1
56663611114a853a44b3136e73d40086,1
f1bd39d51649f4d2845388221f497d16,0
09f2d22f9f203b92320c50c7c1d4864a,0
69cd17b077aee34a86f66f5b0cf5bdee,1
cc09ae9531c51517e2df117b7627344d,0
95fdb76ee2c7db758eabe1ca44c82980,1
8e9b85183cc145aa8e493592ef15b0a3,0
dd1f73db4014539e23d4b209454dd8ce,0
c4914b51861620b1be3b59c5e1798738,0
6d7f0fa31a36870f6576ebdafc3ecf4f,1
b52744b58341eccd5846d7f627bf5f65,1
067afc987ab0d8f5b72edd1f6360c35b,1
4ce7faff7c8463227db0d2a3c7058a79,0
18f983b5538785eb4c3db77fc9e07efe,1
272944a681d4821946f48337155231b4,0
1b82a278c11ace29a81308e7b175a339,0
694730e96eae96a14d7bf1dd42925397,1
648f605aac498ff3030427bef99e8ddd,1
01b5d84335a7ffd0fcb49befc60ba9ff,0
1a63f01ab5eaf9212df0086fc00bce9c,0
c3d22780aa3d1205832dac7bc11383c5,0
259e3402569566dd0221c0e53eb7830b,0
3c05f73f91396dcbe0532c89a4a00c4d,0
d144348f6c6ecefe0fd202b3d2001c18,0
cfc55a996b243740ec0726ddb7cffbd7,0
06ceb2eb8e5a367b77ba6c9e8328e0e7,0
ea89d25da27df8271f8ed86868fce5ad,0
d71c30350b9b220b5098d20e73f6a9c8,0
7f549ff63ea8c9fec2c485ffe99a65ba,1
30ed96e9cfa23c3e10be68c86e11b94b,0
92edf091de288db2345f0af251aa477e,1
a3214c939ad2515b0cd3aad5c402ce13,0
3d76760d9de5963b09f68b536f06babd,0
e8d36d05263eba2c0b15bc919f5d0f21,0
34d8bda29d961c5757f3a8a0ef971205,1
8d2c7d86e6fe6a2942002c8479cf6677,0
2fe86f023d69c9792476659f1e544e06,0
bc34b93265388a7be3e9dc4acab8004d,0
45fdc64794ec5aa7843c8968b0562c04,0
181c40cf7552b21ec6ffaf13057f6382,1
6b74d8cc7578e1e1bc77d7995792faa2,0
2756b0853fbde7e3fe887d1615bc59fd,1
e01959ce5ad647780d7b6815db88372d,0
49b4c2086910d6b32ada11e671640497,0
7b3f9434313954e876ecaa7df71fc277,1
6ff44ba3fdaadd241629e33dc9d3f1b7,0
169cdb6fb057be79cf65291469d35e88,0
9863efb71218ffeaafae323e1713475f,0
c3a3c6e3e14d3921b211bdf59effd2dc,0
4ba8051159a1a6f7b2417fcc646e495f,1
cd79a93c43f28daff3853767645bc8d6,0
2931026c4119aae8723cd711d0cf0551,0
c415055ca9318f430878fbdfa25eed4a,0
271b21a5176a78e2d380b2b3734e5950,1
f07116e0e7154a7dfd8a9e514184c947,0
f08a07981f8ddf149657a3364029c8cd,0
d779583ce4598909dd9d5f45d3a079b5,0
5d05e62629465c0007f2ea597fa12ea7,0
a56d3c189a762c00399c9c56c2145b57,1
160032025bbe6cc7c005af096a51a00f,0
5c4c9894486b824e05f899a7488c1ec2,0
dda6a1ed2555af3b44974f3514bb3223,0
e7babbab3485d780071b111057043818,1
55cc595a23f4476c603a4aaddba5317c,0
0a6d6e27ce65c42287c30508f016de66,1
14f79c481be7e6710f3a762edb5c4bd8,1
928fec351c74af6441438e2e1a68a9ad,0
eb7338b552e4c8b29969f499db7ad137,0
4a45d72208d0e9dd8b5f4babf3ce7581,0
88f24480aeda2fc0d783c4f92948593b,0
1986c381aa62399f7e9d0b78e220d251,1
86dc822b23215799a70f4279f1b5a252,0
ad1a7fcc3506a4f53f0a407af2e93c31,1
c04775beb0c8ebfbf598eca1b634dede,0
d7f16a944026e0577c0a7e67e5758ba2,1
9b7c637ea0d1cce09d807ce61a9b2e8f,1
979f9e249bfb71faad993cdb5c3a1077,1
365e6d9ab5df28d1caef7ca19b415e3e,0
1788d6dd2b327e9ddaae200449e80a32,1
6ff836fa811704de012ee1a117c3e2f6,0
66021242c5f39fbde65fdf3040d0acf1,1
e54b9fb49146679a0e36391d002bb594,0
33fb9709dd629610eb1238a421208141,1
14621af6f3c2622ea88de8c3bf5a2b09,0
b2a9f58597fc74df6267f3f89aec6547,0
2cbeb9cc5f96adebc69291e8a4891461,0
46d45299fa124591c22d0150b100522d,0
8c7935af711bf897bf68625add172d1d,0
8b0da801935a960f0c3b20612419067d,0
28e01b9fe3eb155b746ae54b45567d40,0
6e4514770d7565d926b2744ad59b7453,0
48458c83989c1d80ea90f1ed7975df57,1
a2ccce455c4a2c2b8f94a57080681536,0
c85967c870895eedc6bf1d693d49473f,1
491ba26aca8ac74ac41ff55dce3bf0be,0
e9271c5e9c4cbe0886e71fece4799a56,0
afd2e5230f728f33418dafc40f2ae811,0
befd83639d4ddcc7d74bf44b59d71988,0
9bb69d8c1488a772bdfd5edba51a5566,0
a844d8c7c32a6c47c3b1a9cdad054b72,1
d1dd2794f7a5c5e44daf054d765fac08,1
29d15a961a410bfc0d77f1eb52aaa5e5,1
16f6a4c8638cd1f64d5c54a9d08152e0,0
c3f0c4b6179e7302d49b3b867f62f8ba,0
eabb11bf371f17ebdc09007eddf0b60b,1
7b7493a5aec7d3cf051cb82170d6295c,0
4c522d85f7ddb15f731c2164b2c7df18,0
f6a6652ef981825ff3de7845e8d2cee0,1
c20e42c2f1599cd69b83798e13d084b4,0
85f323a8ff3ef53acad8e08ae6001456,0
0f2f2610d126791d2e4294b0288c453a,0
02e1134f68860c487604aedb9ce3d89e,0
1d9d7311e3930a3f42c97cb38048893c,1
99886f1ec6bc590ebab382bfe8acf91e,1
8389449351455aa2e8d1ea62bae6324d,0
03903dd6bc470a44ed1cb27e4e965854,1
57f651280da280e0c1a78afb5721a18b,0
ed57b2bae3c8d51cb27baf034d417b0b,1
443739fdeabee5a4fbda424126d026cf,0
149745d88ec44fbac17c4f7a5f42ecc9,1
8e3137d68f277c9f75a0f11bbe94902d,0
e9ae6a194af59de833778f2ded43f03c,0
ae8d1ffa5babc94fc0067f6eb000ea31,1
4ba0db6c31f44d785d8c277b387080f7,0
19ed60a835cb8e4577932de388ed9eb6,0
527874c69169316ce9da80be3c7a1b50,0
3f32630f2e3c9a63e16240b9c7ebf01b,0
a9bbb2a8ea439690a594a3c4fe547118,1
defcc0335deb23b6847cc81ee87590b2,1
dfd69b3b4b309b3ccfe8520f8913edba,0
a0a57e369e5e0c4026c0ea0cd3fb05f4,1
a7b56bcab25c9ad4345f3b57ae6edcf8,0
0578af302de6d3379416fc126d813df5,0
ec0b9874971c586da033a736f87049e9,0
9931e59bbaaffa0c9c2991d329fb873e,0
9b2ba5c32226f03904699e860690e065,1
5f0f38b5fcadda8d695795667dbfdfd3,0
38bcff23f1e2c2edf894077d7d1eca53,1
f59886a583ed17d7e51449d5e57d1dd9,0
484f03f534367f25fc3e5664f0f87e1d,1
832f3805550cb6b30b9f370b341f205f,0
e45aa17e11fd52bb82e16f36628bcab2,0
768aefd03648024a3fdc57cc6b09a79b,0
a11e28bb54c6e02c1dd15939663f4fa6,1
3d7c54d6b8e81e945ff1fd38f722664a,0
dfb97d0914f01f5f0b5d58782e2197f5,0
0ab9a888d5864a13bd13830840d340a0,0
3b8b063d888a0286557125adbf7081a7,1
5f01eb363ef42a542918c9d7b893b348,1
d8c9c45ae6d33cd46deb8fb02d55f1d6,0
9c61280b5dc0e16a9f3caacf4db34750,0
3b3aeef0fb9a412fa69d2f730e433d88,0
e28de171cc79dec889c643584ed65f22,0
4f20244e50ffd95ffd3bf5b15e0839a4,1
b2137d971c13f51628079b81dc8b5abb,0
ea47b8f73d0d8d7562144fc04fb38fae,1
4f7484a92d600f8fbc2437513dc739d1,0
e583a0c0323b83c29115fcc0b7e47673,0
3728f64bf31efb0cf8a129d6fed45927,1
e63eedbc7685f7b3ee36c04eead75a8e,1
2eb0f45d845bb8fbdc639acf119bef66,1
5152a30886aea88fe603f8458ad26722,1
357d6e935be01c9fcba2cf96a2ceb13e,0
d0ded29808d58ae1c4738c3d95171e84,0
35de9a45d19b759ca336718076185350,0
21ea38129ff083fbda126a422046f1fc,1
3433215679203c139663a3f1e5c01d30,1
11e0c3ee5a5f98b305d8e5af7924da5f,1
acdcbc107c4afcac28d826c20ae45258,1
e8f6775e88018ce2def3efcd5994b61b,1
10a08aae5dc1f82d1a3baca3332055ae,1
5524fcbbb006f1d622a7cf86300b81e4,1
894c1830355847b470340ffd898d0c94,0
00427f212cf6572e3597638b1e19e0fd,0
5fcc81dfe0ad446bd7d7656d7c1555f7,1
bb95c27fd6ac474bba3fc92f59285333,1
5d943381958add40b549d6a3c22299d8,1
d7767af536020be0fae90c9e9c409d5e,0
ab54a64d191b02b67dbe6fbcd5ae0b6a,0
798e1d0a2d5fe0df8303efa125a17e6f,1
6301c94971158a4dbb2e8a069c766e25,0
f1b56601f8995af6c6b2bbb8e711d804,0
82b6aefc08b359173217678342f22080,0
7b0b5d4f46f3b8b6cde3e6c336d2a4b9,1
490a653b72c22250ba1e46f5a44a11b9,0
86f355032d1a1e56b0badc1cc71be3eb,1
ee2361318a92f9db0a36510663498841,0
b0d1ed099d4c297ba240452aa0790d17,1
00d8a1940e5b6e425b954889b31e264c,0
37c00a568eef6447fdd49dd5d1cf31b4,0
e4ac7cc7b20c41852868f0d73822f233,1
1b11880ce4029d981a3ae4b48b0a73ad,1
d6979f5955b093621e0afa0e85a2c5b9,1
0b30b6862e9f7ba5a68357710a960b70,0
c1d3247bba618163c5ad35132f07a333,0
bcd98b36bb36944e0deec6272c716f6c,1
25c04e44e590ab127642234729bf43ed,1
3066f69374a3319e9ab84271a1fe7990,0
5b000d6a7af908e38498e65ed94e04a4,1
5112122997b00cea0420f2cb7e5ad1de,1
6484ef167fdaa5016317a069a7077155,1
9d68f0c3d6dbdd7a795cb9b4258abc10,0
57c8e3604a2bea4c6bb18074ff5ab9bb,0
c1c56423dd629c2259a1ed6406d41842,0
aeb35135985c9b2083c0959f156162bc,0
b1661e59a02b97fab39f5a7c25d1d586,1
0c152aa126f90f7808cd9f3a123d6bc9,0
2c2be964096a6120286e3fff6b88eb8b,0
5032814793c1a066cdba6f9ce1cc1103,0
f89d517806133bc57d542c9d2d2e181c,0
100b8744f5de90bb918da678a10083e1,1
a066fd34afc01caa06780f05b6a811ab,1
cf274a9ff707d4816b743ac5b549080c,0
1906d0716332ca1a92069c77918585d9,1
3a295a3f13064b7f80e17699fbfb01ce,1
d3869d1c2b8410fa43c09ba3df937e5b,1
d760bb0953df048b418102a3342d680b,0
3f0f8bd8af85d2ef38f5ca39d9aefc0b,0
196b229615645ce28ddd833ec8e49b1a,0
bde6f80eeed5370bf43bb6ac77b5241b,1
ad1eeae425e859dd3b22c7e0ce285cc4,1
e639d7b9c17d9b88bec179238308c992,1
80fa6560762e8add84d5db3d66b4d78b,1
3f4fc71896aac224a450f3d686e26feb,1
924f03bf73e375bb6c6c8bd9da8197e4,0
c1433a6b494dc4f188575407dfe59fd0,0
55be75e757c49a990900d5a8baedfe1a,0
be9fe8bff43aa1309779b260c2b01988,1
b34c0c38ae1d0158f3be38c6c1005b75,0
9d4feda2fc67f2c12a076663b0b3c729,1
48ee27884d03823239852688851ac2fe,1
deb3e6713bcb1fb08778e5192e24c9b5,0
dee43b19f065fc9341bb7f93694a6881,1
24ac620d86f849a33f471c091990e76d,0
14d150843722630bc9222108a89db87f,1
932143f3c2d79bca2670b7dde0a04ddb,0
d8ee2bf6c79ea1546589e25ea28ab1e0,0
bb93b4cfdad7c18ebf4b9416849ee2eb,1
428f26c2f82753bc9c7ce6cbeeeed3f5,0
175af8dbd729cee18044776eed3c9ef3,0
a1b2a728f77ac895830d180c61f97e50,0
22a735fac65102903010a2589ad0ecc4,0
1f65350139961fad0a466b5b67cdee20,0
a3c3f950db1c6ad5ae37fb55ca015c03,0
b1992ae2216e6cf590617b03ba7f7f38,0
dbb6339e55b1f45926ac8a3f58a9da38,0
8bcd8cef9d032eeda98f8e9d646efef2,1
32b4f8406eca001ebbac45c0adb49453,1
167f1e1d9bdb562ac581911737939f81,0
48293f859db09ea7465da70421fe8f25,1
a6834abd1f01dd7a95091c5279c4136c,1
7c6439ce866025ac2235700b01892302,1
b4eedc4993cbd9940459efd95e293eac,1
863a26c0f976290a9e2b575387a27fe4,0
239921a073927462861f5037efbb10eb,0
bc205b375a39dd6ce61d139d07918c80,0
b07779f80dbc4556eb0c7b238e6b012f,1
69f52f6f556d883f4f643e8b9238008a,0
98bff336e81f14345891f663b3df56da,0
0de6518dd14ed43965e8d01833e982d5,1
f2edd65f550aa0929902ff2853e00109,0
45109cedbe096c9c65483ca7bfa324db,1
706585a41fa45a2b2613c6f2ef632505,0
c195ea9896f7b1dcee23c889bd93c6c1,1
b95cadacbe8f9b6e4732aeb194bd1fe2,1
59280c4510c4634d99ad06a7ebe35083,1
5ef7d9ca2db74b6bb98f56d3366ea1cc,0
2fcf655569414574493b8bf39a3f86d7,1
985aa50a606e2b5b62188a9f6e7237fb,0
964cb1618a4f205a8ae19616dc9e1474,1
1f87f99b703b5b58a7be183644559e95,0
2cd9b367f79eccc7e6d870596e18623e,0
161ed7768fd2fe4df3e806b50171e3af,1
e18fb1abdf199fbec2234a19bad3ae47,0
44861b79aaebe1e3674f5164294aaa46,1
9e501da672637eef316395ceb1fbf0bb,0
908e285a8a6a2f226541de4d926c29ff,0
584444b01befeee7f1422e5c2f183fe1,0
97ec41332df871776d351dfa9d42bfba,0
48c0f4f28b1ef778a8e9ba0828a0dae3,0
e1dcd132d19ba1ffb24dff337b4947d3,0
b99998e0cb5e66edede5b1582c651c85,1
158da35414394d54aab7c687aff0dc32,1
75206e7dddfbd0380a246fa714e8c6d3,1
9a61be34fc48180eb48d3f3813cd1c9f,1
8eeb5c445b4438f78262bbace9383d01,0
a6214c3e6a02e2ff54d6378a1af936a5,0
4e26a31b1ad23cfb8458c75b4c990242,0
a30a2120bb2dcd078aeac84e5835a84b,0
a684e701c9fc9aa6a8814a0a80133c8e,1
42fb4e66490808dce2c773e3d10a2f21,0
d5d88ec375058f8428abdc6aa8758701,0
878f7d021773cb207f12681452011fa6,0
46b8405c38cc2133bfcee00568877ae1,0
35bae865d975c9e0b1c5737e08562af1,0
0f74410013cbddb5f890ee8442c19295,0
bc6faee6da3d787e9aef22b30fb36668,0
10163be231a9a88ffd4f53470b1752ea,1
b192975102623274a39d5b7d753b7459,0
7747ba21a591311af87b8851770e8a08,0
33c489ca20051dcb5d96a506d8612257,1
d0c3c859bbe0840cdcd62ca4856ac42d,0
e2eb79ff0654fb2158e94f419826045b,0
f4da6a53d70534e7053f1038e383f202,0
35d250939724219bf1a42c39977ce278,0
b9ea2320ea74bba240aceaf880c6d5b3,0
841e1e1a7f13c6a47f00d7628b89706f,0
eed1ea53d5e58978a9632679d9c4ff2c,0
225125c167818d6071c7f37fca10320e,1
ad3c9ecd53a232597c6f8733bd06bfab,0
ecc799202e9948b283ad8e8a0b122d03,0
38fadc478a9727af9a5a512922c7a7ce,1
9dd169a2965218335c844f8fb0d9d687,1
d65beedfba46e00e74823e8517f447ab,0
34d2aa19998ebf081a13e110d831df69,1
b5792ed8635c6178fc8f504aa908fee7,1
5098f5611e9c4cedc9719f1e82e37bfb,0
cdaba0593535d7c7ce35f46f3fe54dff,0
696a33c2125061e447b44ec37c6fdbbf,0
7f6f82c3f9b78ed94d3e4dc35b40460a,0
07bb231a41d8574102a33dcdd39f8266,1
7a39ac45464abda438a889124ee065d0,0
651c86c174bc7dcdd7eada199acb47d7,0
29dfa7d27cf06a84715e2cfca98cdacc,1
d1fb581e81864c41939003c057b95aa9,1
82839ac3bf07021d07acd438b0730e38,0
ddd48160a64e2ebfe740b054e0c0adc4,1
7f20b8be5bb0395243cd598169978e34,0
975531c0ea1472463453202eff3edebf,1
1ca9624672330e095c879f4ed370d431,0
0167ab906b6f0d56a94d157f5c10c2de,1
aa51eb7e2a75ef4fe1a0485fee880568,0
615a17fd15379950be9ee924930c1d95,0
af4b34f58d5ddfa72d77036a70d4ae8f,0
413839d51aef205b1cfdc49ef0f8a2c7,1
cd01917364e399c0b17436df4f017c16,0
cf93d09ec982794f76a903b522fb70a9,0
14dafe1e4906dea951a68367b7084517,1
d1011be86ecf8c254a27e8958883e0bd,0
595f636dfef4be69ef4ddd308f10a18e,0
fe7b15ed13233cccc16451dc7f15ca1b,1
4381ed48f8b0430015795865a27b9d8b,1
ca37e04b05df28fc23e476a4fa679bb6,0
d84437b53c38983aa96064ea211e707a,1
03ffea64e22801e8e3a6ae6099096cb0,0
418e8c9fdc04bd724cfa31d5eca9ebea,1
0db15ea90d79787c1d2b4b144fef229f,0
dbb55a18d1b308dbc160266166c08e89,0
d6048e188a3f74eea918969b74f7f3c0,0
143238a125c9174dd7f4ccf3cabd50ee,0
31043009cb9020b2881ab50729c41a92,1
272cc236f986f06668a3f80b44262087,0
adac6707c66e70af270f3c033f06583a,0
53172d0e825320fde4d0cb9fd9ef27b2,0
443158c29730821236aefa2af0195596,0
d83272f4c8d081bd281492623551d299,0
6f105d0683625aee2619889d9630466e,0
cb29406dd8ca061e4d26cd85c7ed418b,0
e9799299c4b7f0257be1c18982f97184,0
eb43070eb383ff465be695e6c60fe5a1,0
a27f7ce69c0adaf4b0de470ab47a9ed8,1
85ea663f2bbb901c7c2dfdfc2e5e88f5,0
65d2ec34b3cd94a496ff25c6df1d190f,1
3e730659320a4ed6b437558f585313ce,0
f72e58d8dfdd7bd327516422a4deb7aa,1
ec96fdaacb95dafa5ae4cb852964733f,0
29e9f5a142da61b648c5ceacf66e674b,1
25b9ca62da47ab7bc9b06c5267b598f2,0
acb2be2802fe0d315fbf553f533ebec4,0
4ea4a8e880b8fe7fe1151956c39aa98e,0
cf95bbc624e1e59d2af2396c1ae0c71d,0
ab39c60d9c9006e424ce30b5cc2dd1cd,1
d36a735e5b895c4dcbc33e9f4e98b4e7,0
385a570ab6de0463079fc52320740a8e,0
e90dd1037b75634ae5660b6c30505f51,0
b7914722cbc08bb90765b410c3e0d7f1,0
4776c648350c6342af29df3dde8fa49e,0
062965119e4ca77c242550c3cb61fa95,0
0327f98b7e3eedc3ffaac144c30eedd5,0
01187afbc9f5c88463c020d98ad69ee5,1
010394a473e77f7d72f63507b383f05c,0
18c172d386c3dbabddf00375aab27363,0
560d64dbfcf949fa9334589df3789e1c,1
c3bfdb37d214484542d5693d0facba4d,0
311fa604455f9680d39fe3a21905524d,0
23831023c57e6d434a91d8382287ef72,0
d997dd1017189443778b8c2911280592,0
ee9bb6713647c2fd7e64a12c76b578e0,0
93bcbd1ef9ea00d882b322766c60d341,0
30da648bdc72fb4597e8e45bd4190199,0
9788b93b161a0ef0d08e6b8388b38cb0,0
3f5cc17d1baa278de9e484ab27766457,0
b64a0123b4e1d299592946ff14630009,0
38f9ed638dff7b6fa7cd5b191175f956,1
0290c017951a37bd3d815942e3bc521d,0
41e7db17dd7f0fd5dbd7b4240352169b,0
e3e815fa171e48a8e5487be6141625bd,0
b6f4dd8933627926695022f443cdab53,1
2206a02bd45183dc9ae58b42f8030cbc,0
5960f3f6ca66ee289a70d16f578ebe3e,0
324ccb5d02ae65a362854157b72e67f7,0
b263fa0769dba0c8ab5d0200dd0aff97,1
20f8196b6f36e4551d1254d3f8bcd829,1
44d77056af2d0f1a05f675f5871c7212,0
99de6f3decb74693b8a20a43f3388eb8,0
7fc7e3cdc16d387b571bc0e9f1222aac,0
d3c142b7e67ba78b5e910f764dc9eb87,0
9675d565941db0f84f978b155c4d226b,0
1e32dc173fece068e14b3480390de57c,0
ec4902909980a7b155e1cc7880233721,0
da0e30a9ba96a899421f007fb71d3eb1,0
d0853947bf27084121d2e2f4cd1c8223,1
eea77642f49a3c103dc49c8fd5cf81f7,0
7d1944ca8f6437c7fdff0a782c6c8665,1
121f3b7a1ff1aca8159f5200a32909cc,1
49c413a8dbffef6e03d858bba55a22a7,0
c595728fc636bc9d562cdc875a73935c,1
0c33ee481642d0e6eb61d7c4211791a2,0
9215b6539c403af78eb4c26d9e6ad630,1
f238581cd376e3cb6197fcdf44450161,0
5621213b34e11786d2a82756f6125a71,1
ba887f400b57763f2ee0344930a6e350,1
e828aaf32e2425884b603911a443ed10,1
3deeda4776ae388e45308ce991f6fce9,1
8e501677d7fbec4dcefb09d3b58fa0e0,0
bd9c15cd49faafe2f803efd53f431dbd,1
d3b96bd8860fea764d8b5901ce9e626d,1
129fc77f3b1d3884ec4ff817188f086a,0
30104385393d6a2002f89157a0ca0f02,0
35e150f03b193ee75737ef69e695a923,0
8a3f6881add7b264515a7551580e12ff,1
82cbc05260521dfb6f7262e808c80706,1
c8f1e637f6ba841becca8421fe66b0eb,1
097da37c0bc88de9d43483912f4c8fe7,0
8c308fb84d7fed62277d0ec882d34ef9,0
0f38600c38caa45f054b55a62c2c1ecd,1
31c6988b2bb0247ab7894dbb9bf6f213,0
012c9b7c9bd2f16c4bf4277ca85cf83e,0
f4914a0c6d42b6401656fe7cb339cad7,0
30d2f75432eee8ff95757d75d2151d75,0
3270f1d5de0e87e10d04336fc57c0fc6,0
3fc7336a1306c5aa2b7084ee0bb9ae98,0
c2dfaca47ff91a9df549b738d15674f3,1
9283448c08058f7a94624c3f24c1ce7e,0
b4970388cd810019618861330837e986,0
e37fe9d3188119aa6a3ae5c2a6abf8a9,0
3a85ca6ffb664f7bcfa68594e703ff1a,0
0b608bf77e34f08909d0f5311a773a00,1
3baaadb2382840a0d9e2f8e4c3753137,0
19b6d08e079830c241b79b1f9739d24c,1
d3a0204aa6bb354df17dc5f6bac6c1c9,1
b7fa8f0b0fbfa22b01b1cf69b798318c,0
f7afa625caa7b086519459f5cf595ea0,0
79940d3cd61e78e88defbdef6a347eb9,0
98815ee7978683d1a7a90903a4f19926,0
c7321c92f229e734490ad72d0988f8b5,1
0900e1698852397de7212ec79d11e173,1
bedaa7ae892046d4c9a2149fa23eb120,0
fe48062d93afca593efd918d2f327a89,1
6dea8e1fa3f076aeb6c06c53cfc2ac87,1
79b7cb433bddc7f3edc57c702b157f79,1
d5b281b7678af609314c0065d20e0e45,1
e18745259c9728682a3ddacff11ccc0d,0
340b4c1f6c1cad60186c01e6ef8eb92a,0
ec276cd4d017cf60bdd50f2b14f6c56b,0
f42d172d0ed8d2a3563cb77840d78427,1
2b0494b1314e0f0ab2e19373849fdc51,0
e0d1f62620ef1fa409032fd028ef1ea8,0
0440c0fffd822d89384ac7de28fab22f,0
8b91a883af9eb58c41363fb9b7214c78,0
0a1a9ffa0d803c3663cc06528df5012b,1
043b07797daf838f211bcf3ce1b245ca,0
3185daddcf7c07b22b9d59c6edf7d62a,0
c69ddb6bad67973c0b8314667c1586f7,0
0327bde8f5b85f4b8d0d574bee8f7aca,1
633446a3ee2e19f5714705e704bfcb8c,0
2dfd26b62aed469c649521c77e2272d7,1
5ca47b1ffad10859cfd9bc0d1a701078,0
eeae117b4c825432342fcc33e0496a77,0
ac910d0eddf65c7d393d31ca04aabc82,1
2210a3b5d9aef776658d53e57a432924,0
5e8f78d8513248ec3a0d3e6ada6f314e,0
8ad2d1ccb6e32ad444827cbc43ef7448,0
cd78a70bcb92a560e8bf66fb5653c397,0
a9e7e384bb208d21a27fef5726306709,0
b09a1e922c4842f04eb273922880bdea,0
2abe28138050ce63c50ca10b2ab41d72,1
ea60184ae51263c45777a5f5f5af6b3c,1
60357e3eea112f470cf60fbb93950976,0
b3a3da350c5e623a55d09e9102346ced,1
384fa781c03c889c4500dfe3e2b4d975,0
5045cebda11fea245cfa92e2cc406119,0
ba753e1628925f730791b88554022f5f,0
5e4ed092da881aeb8bab6097fc0e84a9,0
3c06db25f3413be51eb9650ba0912f5a,0
df76d0b1ae4cdcaa86d3eaa31f01e9c3,0
057d1f46b99ce62620afb1bba2ed4969,1
8bf237cb11b6831c33e7016355d39d99,0
7ccb2928a30b45646c4988e4d8e66bbf,0
aa4dcf74a66d189ad92c69a7cbaf80e1,0
845a59ee126a4ac88f2ebbb7e43f777c,0
59a7c3da0ec17a8cf0a7b4f9a51e3fc8,0
11deca5fa323ac6a3257408f36298f67,1
1af8521f88940e116412200d9f61c3b5,1
c836243cfa644043f419ad255ecd736c,1
c910d04bebfccdcb72a38e0b9c0df5a7,0
5d2e2acea0a3d32f3aba85062d6f807d,0
23397e61276de579063c55062b909278,1
074f2f216357098eef762ac2892b07b1,0
e742dddc809b46d57e55217c2420cb63,0
ec81f3929c9979a2043159c1fd7f7587,1
14c147e5a02d91a31519118508b0f2ba,0
69bf702d9534362c01ef68fc6fab10c1,0
2e6e0c49d12284e7d438ca2004e3ccbe,0
08ab9bb8c2254802f48c6019bb2cbb11,0
daf43d3db153f5dc096e6985b1ac1350,1
04958d373d62e4ce33b570c2bb3a7e50,0
852ea34e37fa245f4fc300b25affa1c5,1
f5e803f430fcd2bb59b59604d3b42063,0
34f790d66b24f011704d45db4d939bd9,0
0965f61a2072df7381de18a57c1b5170,0
c633b1e68dcffdae991c3f2d2d4fffa5,0
16e578f947cbe54c979b5faa5d2ee479,1
d0df47494727bcb81d5c01334f0a2132,0
d63438ae0e192895af34aa3673c44f2b,1
b41dda84de51ea0fee94cdef770f72ba,0
67affe634b27a7c0d9a435494b693a7e,0
68dc3ed92101bd1a455eae71dd6e9c47,0
1d104afec3dc024ae1a39159bc148951,0
b12cd6a4bdbf31b63c0dd9731bf86106,0
eb9f75cfe06abeed9da363d0d3951dd5,0
c57ef860d954472d42f096bcd79133e1,1
f19fd469cb9a3de7d70d6659bc7a2a00,0
91fd7c0ae9a2360c54e296b92e5be179,0
ef4994d2fd66dd30accc644d01b248bd,1
ddab8241bb2810625fb5ab53692d12ec,0
0118ec40ff2231ebeee9c02c073d2e89,0
c9c4c348919bf7994080bd86df5ad6b2,0
f74bf2e7789f7de622034265ab4cd873,1
72e3a8ad8918865e54bb0c0e637891e3,0
c55f83f045f9e9495a4a9dd5826a6151,0
c8071f9ea64de49dd79dc4e1ca7452b5,1
9c3cdc6424f70ae0859721285a320b8e,0
53926b4457ddfadb6c6eaaa95d24658d,0
7457613b290253f1bc064369969e852e,0
99c7f4debd32b90d70d01dd4731381e7,0
2bc17a5dc38e950b4d6c7d65ae809f25,0
de6dc1187a7629212a06ebcd50f9939b,0
297350be2425a7d569baab14ad397e42,0
afd9ac1852944b3c42079d6842dbc133,0
cf22ff9df82726782d87dfdd612886a6,0
d95dd8424ec25b6f727e88670ac60ca1,0
d1e4a21d7e1e6f74ad25336d2d5e970b,0
16d1ab95ebdda0aea58c4dbd6a26442e,1
f3739175fafd5bf6b3dc3441b6c0fc1f,1
47a5f194d2435a4ca880cd1b155800be,0
5a87856757825f724127b7a517568833,0
1989dfee8a1eba5c3aafc657c128fa42,0
4bb65befd184be068d59575d4b6bcc54,0
26ba8540c385f6d3ef645c750189fb9b,0
822691a1832a82e504ca6c515a1c1d9a,1
ef1dbb6d693043d6804c4e6f7b941a2f,0
bca778c41ba230872ffe6acecf615000,0
7b6cd1683a27303bfb13a804c92b9c2d,0
095118205d5cfe8632648e21e69f8b77,0
99f12408a7a1a9b69efb4f4a472ec97c,0
b3d94b1eca63b0952665362de272b640,0
3fbe87b5e1343df77cef67ff99e33293,0
e82831823f35a55762df8935be5ef653,1
82205dc19b7410dd32348aa029a8997d,0
ee02426818a4d1fc3345ccfd384e9a9d,0
5b7b283ba3e89b3c00b10c44716b3b62,0
605db9a119bf31f7bab2043e0e03894f,0
c90e07926890d1238bf5797ac4d8bf09,1
24c26cea2bf8b833555bb916a67ebb90,0
0a57e226953136ecc4588d77cf175f7e,1
3c1cedcf9594eb489ac3aeabbe28eddf,1
bc867757658b294a9d7fbfd2d967e477,0
cc57352858b6d8fd7f96f09b2266366f,1
131a0ee2951976732f577f5ef5e2f7fc,0
a7456244f9b886525b9b3ba47e520312,0
4bc753c35d2bb426ea7903a7dd92138a,1
0fd607d2c64169d977c6fc960c1d53a4,1
c1d852a1b58a8c4261026e9b55bd39e0,0
1532ad4a2615659c4f3a38810337303c,1
cb64b468b845bb1314b0411a1af177d4,0
dd3fc4c699e8f2ccd252dc32b7729957,1
db32818625ce57be108581e5561ad6bf,0
e5b770f1c3981227b025e40a769ffbae,0
a1c11e0d3297d2e2534eda4f59951b29,0
d247462bb75d1180033b165cc1a02026,1
5d06f3ff8ca30e7648d8c76f7aa79629,0
1e59d7efeb17dcb85d40d5a123838b9d,0
6c7278c5ebca50e5bd2d12e2fa7c8a0a,0
97537414ed39f75cea78ef0cb3908955,1
85f0d9ba254ed976fd22f191f52aa7fd,1
4ced6e87be76c68bac169dc149fb700b,0
026d211207833678d6b9a591b0341cda,1
037d14309db789c55105f732ab4521f6,1
d9b6108176bf6a0d9af2d6b80134bd72,0
8433969e1ad379893e0579b543d90206,1
11988994c43efe6731b6a7874ea98fbe,0
9dea88bfc67bbaa9c9e5919020c2e496,0
5cfe92094d42c83eae5b7ccadad4aa73,0
ab2fc6b6545e501fe8789605034b100f,0
6974ec22a8d583498be1f86ff9ac3605,1
c111ec77d84c75d1dc94eac683e098ae,0
7f99e713dd46e95521c9dbaf26677e3f,0
9713fee8cbd14aedf0e9f21a061f907e,0
cee3605c5d52ab16d2eb9f2945bbfc26,1
0f506ceb5691a5a389299444ea2b9f93,0
320ecd0dfe0ae6aceffe3505e45737d5,0
47dac7be0ef498d4641aa90f67afae3e,0
6a91b91a0d49d71829fb4f6e9374cc28,1
82f9d3f0d1a5af9f42656d469e1caf5b,1
421f922dea9922bc45fa70db8bfd8e11,1
13b2b22c9ab3fb17aba690cc1e196000,0
2550b0086204d2fb091b845c7f999a40,1
36a1c1337237d0a87aa053628ae6f2ab,0
e8535f791047a2840019980323f94751,0
592058e742ac8883754e6aaeb5a0da75,0
4849ca563bad8c334dc0e2bbd19d34ca,1
f5040722c78ccf93d0a2945ef4aade82,0
8a041f9007f981aa3ed39a7b62fd9ab2,1
e2e127f60007fda98d911da23ba3bd80,0
9d6c3ae0b22204311ae107941c3ddfcf,0
66b668c7efd4ec1dafb6c3779ac8530c,0
ae569a8a694d73308523de0c8b731b3d,0
cb291bc2772cd78ffffc5681876949c1,0
db1777548761a56842661236e6bc65ad,0
13f66a5800005a54b72dcc7985af5d30,0
3501f0a89d03eb1a01bae9419b1dca8c,0
01e57472328172bc5eeff301fb764eb2,0
012dc7a9772612267948c79ab8f52c94,0
22c580312257348360c13d4772ee1670,1
04f5a99e4a579dd7d8277758840b7ef2,0
34fe973cbcbf7b920fcdde25788cd5d8,1
4b31b3858f9df44e37be9ad9123ab993,0
4acfbba2104d4a2ea5a3a9680b143fa6,1
74d0478ee9220c99ade2370fcd8893cd,1
3ae10967448c641bd82ec4562c80db43,1
00530c23378127b34b4fcee2e569c17e,0
90fa7c45906b884223b7b7b7eead2888,0
60595c2431caba93f7fe71f73dc2316e,0
7e9957d375a8bc883a662879f2134740,1
d56afebbaeb5821bb8e511f7776c0c9d,0
3e7e9e711ba2c45d74cde8673502b192,0
1642a69dffdb448e915f0e59d70b148e,0
cd761aa5ffc445de1e8d2c8851d5f654,1
d728482ffbb35252511edc95a184e703,0
f3633c98609f216b618a4975b6b7106a,0
7d3305671703fcb7212b8361594938a6,1
654cddb55c7b74ade6440a49cd168e75,0
7fa8f0683a5b4d01c8da77366d2b0f90,0
b1cc2978f0c070024096ccdc6621654b,1
322c16fc4a4df5af04564f9ada6a841e,0
483715033eb4f12ab5c3d9a7e2953221,1
cebe12f1244259508ea8db9928f0952f,1
377e7ae715e5fe8fec670162815ebba8,0
ebe3cd69a350244eee4b7cdbbe9183c4,0
2259606d6840272f40dd1ac44de42679,0
5ce901f87837a4f2410d0ff45c40474e,1
9f628c0c0e6efb477cc763533efc90e0,1
88ae4d1e943f50351ddb5e02a1716286,0
055845dfd194aecf80673073cdc98964,1
f05315a5c7fce6392cb262135990c747,1
3842416cf586cfed90be32be7837633e,0
5a0bf885b6e943a5c723a9380c0f2445,1
568c8a89f88f09e50896d4b011a63524,0
ec2697df18dce83b9a104e6ac92c3a29,0
00e6037d9b72cf61806c316c3b3cc04c,1
9e1849bcef1954eb93ebe0809167b5eb,0
db61c4c7fee57d911b6bc9ec3dd6f198,0
a1b3ec5efa635625b807b92e0bdbbf7b,0
48d7cafe70172353b4035898ae0c8d2f,1
9d70da5b84a83de9c1bf5cea05ac6137,0
32d35733069f21b50deab41a4d25f700,0
a8534dd7ab4778b6f7373ac946cd8077,0
451844ee21d8c0e219a637533bd19cb0,0
8e9b737308d972d50d8ebaaf2523f7d2,1
4a3236341a725746c4de1a7e98715494,0
261c771460a5a67fb3e0e2e84013cca3,1
82275441225730a49929b315cadc33ff,0
40ca204e10de27f46b831cad155f22f4,0
4215d8a4ea5fdbd1cc249ec27a736ee9,1
955925626d515af8a545b1d63bba8ac0,0
5e020c823f5dd79673240a0dbc9f8f81,0
1be81641a8e7bd039593bc82a419b0e8,1
ea33022709c503df639489d609127c21,0
03cff10162937c4c67c99aa6b81f9912,1
b376e206e09ecac0cd5e169f253c052e,1
5bcd09d5d1694ad8c12e585301935480,0
c46b6d614a95037cce05ce924f8d86e6,0
8a4386c35da715f9ff4b670e1201192b,0
58fa9020aa1b7c205ed523ef2a216596,1
82c994106afda0f673dcc9b3a8516b53,1
ddc3cbb54efecb6730a4254684aa7930,0
4fbddb1442c2b232171993a49aa7b200,0
08e8069299c7bd74957af1210537f1ef,0
ee248842f62b464600cb95983a20d3ab,1
6b05fca0c8aaeb9fc74943e337a64a08,0
c6665d7511ff9eab5bc8cc4551aa3c18,0
14297a1e218fa73c5e83796fe231c352,1
4a9f5cd2d8b9a22678fcbcc175294e9b,0
254ee325aaa466f1659de153ccfdfe1c,0
3204b67e8038e9ce23dcd273a4bafc7a,1
91b5d8ed44f2a88509ef0931b7634bfc,1
e85bb245f02605f036bc8da2686c9d49,0
2965567eecc740106178190bda647cf3,0
a5c4422b4ed9f91d4056c2dec118d065,1
fb8276834acf33b15d303a3e179892ce,1
e1ddccee9bda0f4282d647bfa45d36c1,1
76acc5adfab956f986940e952d10b48d,0
c2f2aef8c381f513d9abee2450aee859,0
f4bccd78b9592b943636efef049a4135,0
65de2236860833fe408ce41d00e24e58,0
481d385a6d6a718c93094d2a2aa796c3,0
515ceb7aa3104ff944a3f05b91e3c443,1
a81cb989783eeb1b419ab103166eacc4,0
0baaae1fc8484bb49e0fede1a0e843b2,1
5f2647796349a105222f33221e567c8f,0
d89be2c6f4f22a32278cf6e01699fb95,0
e0ea5a3e7827d9edba57258af7f73437,1
3d2e44f1b12525206f74805cb4ee7000,0
3b966c365d834e5f0746f2d0425dd819,1
a6ad1a10fa117175aa9da6b334b2cb2f,0
537c2ae387ca540e15eee09b251a036c,1
dccf2c5fe52414b65afcfdc0b366c471,0
3efba3fb6a86e628bfb9545120f00da2,1
e54113d55ad6b7cff46fecbc556707a2,0
8188d8fede7821c603fef82bc2f9adcc,1
0458ee247a0eb4cef24181425256080e,1
b580b8887371c752062cf7d0b0906acb,1
b02ed6277c000919a99eb7fa9fd164fc,0
a5313b2c832268bf5f79759dde863f61,1
6785c2e68f9e2e54f405312046a10688,1
14a05b9e47571a572ad2c228a3224ff9,0
9fd624de5d2410da6b42e8b4b6fcaf67,0
6c7d444f7ace8ade9f37a8b785a9189e,0
37ba992a799ac7d02fc5177ab1bd7c2c,0
9baf5602710fedc6d45fbd7bc1ae7688,1
006e0ebcb1e50a2efeca16bc607846bd,1
c42f5ac27931e2936fe150c97c8b99da,1
f4319dda0a422c4bb325e03008f34f89,0
c78e16623e76bb75e0f917c5f360ebc3,0
3a93e2e2e92c0716cb6a508b45f1b04a,0
ad919c61a07404d4c4a9938309c51d58,0
f726c041a4f55af1b7dc36fb9ae696ca,0
f673a85fe64aaa5300fafada63f65874,1
64243c654cb1a97f863e1566879c9304,1
ae64d27dfd173f43898f5c2d79238396,1
c208cab91b042f46796b3cc78c351fd8,1
3219816cedb9be3d2fd7e3e8e8486bb7,1
51b7e4df60c8d6740b1cb2ecf086df6f,0
d803731f3ea8c4a0ccd7b78193a730b8,0
67f1ca6040b299fe87e4c1e6090d6e9a,0
8459863036fcfbdaeb540d22427876cd,0
635530ef83aaba35e3b236dd54c0d42d,0
f6bb80f7f3bdb6ee560dbafd1ccb337b,0
a30230d48ebd69d91adda474884d74dc,0
25c0faa90096a2c747499de63575ed6d,0
09dba7752aee8c3f4e18d6991587f101,1
bd26bbf79c82f44d6017c89c2e273e78,0
9de94df45849b42545be4d85ab31f295,0
395f6c57547db79132040a3719564c43,0
583e175f28bc94a98ba68cd0f15e83ae,1
cffd1c5a43299d738fdcc8b91beb1545,0
7c10173091e9798fb16039e66b96f8d0,1
4a94063325794ea2a47b422892e86387,0
010ae0f5eea490b84472e8ec1c4e5030,1
eb9eb138b6cbe9293747d137330059aa,0
abd45d44d2f56f08e20cc014dfc7c80c,0
db597791854959a1a1668cd5e9b7b156,1
80d7836a9f2ddfb7f6d7d5531d803d84,0
b8cda071071ee02f336007043baaaaad,0
e166afd1041754076a35d22e657dc5be,0
146e110f1284b5b3bc6ba4f14693a6ae,1
32f7af3d69e29197cb61dd2a5c3d0a8a,1
21a58b1aea3ef5987e15fdf5938ad07a,0
d1751b78c077a36bd317697104ad52cd,0
36bc42d94f96eaf5c4aaa84d4ccdd489,1
34f12f0c4804078970ee9dede46ecdd0,0
e8b8d3503c643fc3ec016ffca7b37e3c,0
4b3c9168a1b19fb910631c8389510e62,1
d5e974aec8de48702b0bcbf7bda7cec0,1
2e71b674a67e2952ae68d1af83643e9d,0
9288a4757e0aa96760bd95ff5f0e7981,0
b1b32e6cd2971de077af0ab80207c994,1
0930d6147f7eb732329aecadd87f9567,1
37f4c0a1ed9ad4ec1939af9722fcef41,0
ee70f1d967d3bfffe8e0fcd769e8d6b1,0
2eb2388cbdbf3fd77c8a5bdd73b33643,1
ef21e8b9e9c5720bf4bd0fe1192d6ae3,0
b76f26d7f0374fdfe692447cf296c1a7,1
b65b194c6cc134d56ba3acdcc7bd3051,0
c5dac5054ff7c6e4c2c1079c4dbc4e16,0
479f0b1755e7220df1c793701da1d980,0
af829865452b2c59c826d04bf50fa6b6,1
8ff8852260de3d1e5c29243fe69c0674,1
0c0f8a8a708caa74938cc09929a337a4,1
561bd5f55b05b8eb21e2456e1de47a8c,0
084b8b992a9012eff2230f3f58139e4f,0
08c41d572a1ee136eb5903d107af9fe3,0
cc978265260eb7aa27ce77a6937319c9,0
d6a6ed5009256e62b7d68de1d3792d7a,1
0c1ce5bb75adf6805f619b20ba573d48,1
46235494baae2d8c7ab6fde2e213f513,0
1c00efafa5f86cf86fa5916ac7078e89,0
66826f1df0b97783d33ec4d9bbcdbb6e,0
0750d61b4dc64b466397b869c52dc1e9,1
37cac5c64335ca0311476668a2fba390,0
9a7faaa18e83e7844a645d9a292a3875,0
767a86030c0e7b3dc0a33caecd60b0a2,0
8579bcf48aa69f09f30ff91a28d6ce00,0
6a80902f400c96a9d6ed72e81968fe3b,0
5f673b9e27a79eed9ad1219f1f0c4900,0
5d168e5128a5f513df44ce97d952777b,0
58abb8797c4e8ddc26ced2b03e606442,0
d720e82db72db87bbb3eb7add5ef318d,1
6cbd254cbaf5b515f0e0a173d8a78204,1
72c391745df454a943727593554897dd,0
e6418d393bc2b70912c35b668d9911de,0
63420a4702fe16cacf9b80f4ac0548e2,0
66eb425845666ad89d7aa3931b80b603,0
1dff9c0fe2fa8dccb65fc873f2789278,1
75fd1f689bdec2742592d64b42c13d90,0
8739128c2c4d3248181a4f1b5bc98570,0
3e13b8e2e743a5a928e0e104f5ed506f,0
8232f146fc2101c084ccef872ab23809,0
d067f4f5fa377b64cf739990fbaf31a2,1
b86553c205af92dfb52561ffda5f48bc,0
272b3cd01e1678b81c90f7bc5b0dda2b,1
d639395b0f8897c2bd218efcf2a3e533,0
d2a409160fbbce5624336484cfcf80f7,0
93946eb822c97a808c8db66cd970a4c8,1
72a91f73fac7b008e62901dfd2d80e9c,1
2cbc3e72e2945e6c7337d8994d5926d0,0
1bfe4a21e7eab33aa8a0719e41fc1ff0,0
5c27ae10861aae2ef6f3077d95697a63,0
7c075628ba65df05a2d3d575f0349fd6,1
4acb93a41eb9e3930c1ce60d615951b7,1
ae72adf00c4b269622ab574b785afa28,1
64d559a1963a306b4be51a5c74c65875,1
a17974111df020ee1caa0ff47d19d26b,0
571e1f6ada1a9f128d49af32ce66783b,0
460f63363730acaaee2057572747262a,1
124537dc5915672a8d6586751baa530c,1
5421694bcc80ac61a590e6f41872bcd3,0
8d7c5778d6f1526fc0e62e150ee6945c,0
3074bbb41052763458c5308bfba8d40d,1
d186a7843efa587f6d82866135b4aa83,0
9c09d46ea5f8e3f3db127d40eebb9f10,0
9a911e6a0dfeeaf8a0278ba28abd8ff2,1
2a527e726b86e3d2ecb6fdb79f6fd3b6,0
a4bd316bead76def96d6eb58a24b2b7d,1
05873c8329d04f1259a82f9aab7a3cba,1
7d3de021decf7343f3c4d4091d30fb66,1
0251723ee5ab557809f6290f47836d9d,1
16290ad6d04d7a31c9524964696afc50,0
a5b1e7776806c0c0a246937b55159460,0
599c4c162617efcb8481508496409dd7,0
6ec890c7229e2568b3eb3fb639c850f9,0
40c05a8ef279605719d194d37cf70a4a,0
6e1c0db7ff675b626b69f43deaf92094,0
841afa7a0a0aff34436f36c4a9c78251,0
084710fe343bc5c234a540c8488f63d2,1
42069b6e52c0d70f0fdc6122ea582b20,0
7c1f057c5ed631139e62df45d5188a32,1
4af17e2bcc324297d69f1022243d915a,0
80075a4ac08978a4fc59e306258cc05b,0
894eff65fe76eeedefb4e83d9e59779c,0
ca81217686f22908828334d87ca68d8a,0
ee7bf9375e464c7f6772efb32cc61754,1
575895aa17ce4dc7b73855da9db07893,0
b0f8d2ff95b23a43f4afed02db0cc0c4,0
a5ed467606e0ff797dfbae00201312b2,0
a0c0d340b3852181f06b820d7c3eb95c,0
2f5abc43ef57c6d50fcf75113f77550c,1
022adbf67ad14229719652d938ed1ab8,0
2c3aa911791403cb7f769ebbf3f55a30,0
8da672c3683bf4f0b6c71275ae713ede,0
3af6384b5e4b37aaa6f6216c55b784e4,1
c7d449c25ae493c659fc9d4f34959fa7,1
40371629eb8b83f2259d3bd6f27559e0,0
e0e87626e6f58facede9f35c259272ba,0
105b9afd7941db314e516054679e865d,0
d546cfeb96fb29c978566516bb2675d1,1
4c5cf702aa69096e7c592d979a57e70a,0
b6d4037d3b9beba17f258ec51c18b2c6,0
a55a4b96a4f051b05b432f03ab57f8b6,0
eedb634152bcfaece6bb46a7226618fd,1
4ce559f2c2c0d75fb17da72a18e5f163,0
e52cc06210d511f26851acdc0d495fcf,0
75e5be6f9e147af282c244eee14937ec,1
1dd58c5ca0e183822a2c3a4a812858de,1
89dac1423e1281902dfa3501fed124b1,1
01d3860a9a1f3501c2907fb38ee15a76,1
d7c0b677bfea49b3a53d66f74b412abd,0
3eacbffbfa0f1f8518e8f55cd85c9ca8,0
ca275985e1b6f69f7c0ce837c2d5cc6d,0
7542805c42f4b8da18ce7b719fb646ac,1
5c6b89e45d8fd73a8acc63655a4071b2,1
81c06511bc226417ba2ac6c5ad8e7a83,0
07f281552aa5238684113de3b50d45df,1
a8ef5e024520cf33723562fe3a02aeba,0
0619cfb4a9e738ab8cc54085957772e5,1
64d88951933f33ea3dfd3b6f90ec1332,0
d22441008bf2e1c15dc4d1c2f22fd507,0
324bd2a15674e30864246c251b39c2a7,0
41ce9b7a0ef0af0615ff79b32f5766f4,1
7022dfc5ca8dd00638a3b711e4245fca,0
bfa4ae378ac518b765eb602f04218a6c,0
f0df4b8ba2fab4c47437bd964d4a2a48,0
f2852b9c6a3020e3669553252799ff3e,0
288a0fedaf4f962bd6a092a259f53a50,0
2848ac7af1572e7199e3ae19b0da472b,0
71ff40e94d9e5ad38721859d0f4bff72,0
3f738680ca4583bf166f799cbe8512de,0
fe16a896ffd3a5f9f6b154e70666d29e,1
aa0a86394a5dbd65cf0f1da6108a6d3d,0
12016d92bbc2c57a85d17aaee448d27c,0
9cd8b32cf2848c4d5c3165d18ca087bb,1
48aed4d5af71fe96c9c7af53bbecbd42,0
dda09b8a6ab135f8c93125d88ab5726c,1
802b8c2651a38020d4ef0662e677b8f3,0
070a5807e47bc7ffa91f22a1ab45a3ad,0
3091682c3809dfba8c5abed23e278db7,1
661dbcc67a97bd6df522780b61f14d40,0
2cba4b1cf138bfdeb0a56ed2f01dcdb9,0
69bba436fc01bbf84ac861c875ba92d3,0
a9c3992162cac921edf3ed00aae47d94,1
74aa8985b503fa7330ea0f58820c1f3f,0
331ca8f5abb4d89dbf8c6a1f2ab77ee4,1
119326a810ef8456721cda61e3f27f5e,0
0a08771aac1bc5b6fa0b61f63e3f28eb,1
046d98bf42bea2931277c9774ecad18b,0
56a000231f82626953f6a387c72d4388,0
1c09568a09542b65334594574688e6db,0
dd00b078936bd89d27f9cd8d7bce4601,0
1285b7977f01752a45389331f6f176cd,0
04a6c32a6f19a514c37ae04bb87cd6c7,0
3b11baf94a73848f4555da0e4c2f9bb6,0
3a618fe746fda574096c3eb334c9702a,0
066e4536eed84532b2ec62ae437c9cb2,1
39f5836158d8067fb916afd9ffd7e432,0
cce0f7e53e21890b21e8755bba832b21,0
56d05aafedd27d480d9e50d8171ac0b2,1
4f38b169cabfa2201aa9a2cf8b607178,0
b8efb87acac2b993c8119ff82b62ee0c,0
7152624a72f18aaa54b9685f8a34d54f,1
a2b6d12d065da69527c0a2f556d46589,0
0a05f9579caf834ee9651135feef0143,0
ac8b270d4846007c78af4b6b70f5e3a5,0
a4d9fdf325828f4787af86e2a918aa39,0
c6be8f70efa843474721cfdebf9e6fff,0
ac9f42d81a63c51d908f496af2b8f6bf,1
3d421f85632c035a43896ae4f33ffc57,0
0135e435bb0aad0bd8e950f726813fc9,0
de9f07ddd9ba4b4c709038325f0a79a8,0
baf0879359c4dd32ac5a72ee1062d334,0
1b706f01cf28db700b6ca8f233c31475,1
0a65b1d7afded5b57b21712917e0179a,0
a3544a747ec5c6dfee3b25402305eb37,1
b01dad4aa00f0ca3c5adab758d819efa,1
c0408d8799c5c7de1a5e05fded55f9c6,0
81a16d84203875aa91003da39c68ab88,1
462d5fdccc918daf71b8927b0eca396c,0
54b1d53769d8c323798cb616f5e53e99,1
852c0cf08d4dd287c5b771cbf359564c,0
cebdd03a6e29d15624844e84dea3b620,0
ddd7ee44c08b32324c81d430c473ba2b,1
b82d98780385f36b1a32c40d1aeb557d,0
4844cba22bd1d7250b13d3e06ebdb318,0
6655339d5a72d29cb23a1a449e42520d,0
e8542bb10bec2d732b7aebb5d0680f1c,0
1eafa24431f70cb67d5194d18ccbd79d,0
ca41a57f51a14403d77cc44878225b0d,0
7b093d7814dfab4086ce2125ec194086,0
9a2bb11f59af07cd21dce9ceb5e4119e,0
9cea00dcba8c8e388c94660e65fc4cd3,1
e72d6e065a1f19e7eb8ae16d7a61765e,0
6a4db4e1b257c21352b299f89020dd67,0
ddce9255a83657368106c8b8b3076680,0
27ca28ff9e5dc62948363df4ce2f9475,1
f16a88aaff168a520309f658e11c5ea9,0
447ddb67b81d87351fe15e3795671eb3,1
8c2920166a61764ca4dea497e1f32bdb,1
8fc0a947c8bca8cd4312eeacbb3deac9,0
b4408901b17ddd63a99eb0d58edb97b5,0
8c10f1cd3cec485fef3bf33df25dc24f,0
39f9179f13c36db6e7459f8f26e4fc63,0
709431a6dd31969f03fabfb89aa297dd,0
3505e748672a85eef6188ce08d437501,0
fc941bdd8fbc709a179cc442539152ae,1
6509b328a9d25ed8a2532641f627bea9,1
cda9ec2da5ec55143f4e97ccb1b49751,0
dc9fc3bd7b6abd1b511aa125fc7cbe8c,0
9f4c0981dc603b41e00e59d625d82c94,0
49fa9d375f26a81061c3b27e03b61184,1
1e8b6db7fe01d3c6536dc85f3a1f7f7e,1
27a912fff97bba268e2b38031b1ffa38,1
8c562b2061ec6991250b1f98040680e8,0
eed6cb802f7dd1f6ed14e9057caa349f,1
ad7ea88193ce6c7e374bc5f059eb16ce,0
dcf928ddec7f16c8cae292c60181c243,0
cc8b916e6dc47b1974efb25886bbbf9a,0
7cefbc21944dfff6455c1d8e5fa438e7,1
525053337a33b167aa5ec2d1441771ef,1
e76cef7ff03e9eaddbac34219b5fee1f,0
58a2d2847e3f487fca18d05984f89ea0,0
0f82300ff1f3ec79b46b42b500961c41,0
4b36253202fda462a9245ba665f81a8b,1
6276bab0208fe882d2674810a34590ce,0
0f691332feeed0596078d6fe52d412ef,1
628cbd5d5ebd8284f6589671f2169d11,0
b202b758a6e593033847cf151a77eed0,0
407fca30363542603739e24ff2e93ceb,0
73055ae0d6b262643af8809692dde2ca,1
f574b91b2dcc0dc29614fa32bad60bd3,0
559c9e126d994bc8407128ea85686736,0
36f5f048bb0f11660322a774d838ca15,1
7b6909ac3f69076ce9b8cbfd10334e8a,0
9e564ab2be0df2413e94c0f700ae53b2,0
4d948756ab2db5db7bf864c8680a34e1,0
1e3ca9ae3b5319446512cc9517d13e5b,1
e7526bd717d188367dad5647fbb0e20e,0
bf5d0cb6e374d1ad2cd074026928145b,0
22993ee60f747c44312e16fe49dc7bf8,1
bd0c44aee3737e568e51f108450bb0de,0
bc6bae5a4c8447afcebf3b74c444288c,0
eb0e902f088970f95d20c4c233bccdc4,0
408d22d8ec5d80fe8c1f9c9557ba54ab,1
0376eaff1575e486f984209780cd4fc7,0
ee602953a810de272fa92cd04e5f67f3,1
f3bb72625dc3f2d1105ff67c56831313,0
c27202623b232a6eded756e55d998283,0
d6138083a25785a17d63375a50d8b418,1
34281e82e9c61ff9a7c2b846a85193c1,0
118868e330b84fa7157974a76302e20c,0
be66dc0aeb6b911298da67d6d5d3b17c,0
b9a1c2a5645f482a4086f9e8d08f03f5,0
b246e55df34671bdda4bdb3451634aa2,0
d2df47ccf6a2fb89c0ab3447b21d023d,0
3c20fcccd623a4d5df3ea97a29002844,1
045cdd76e5fb77020cd5a2b545b9fa33,0
61bae9849e77dd2e719d096b3272ee16,0
5a534d648bec70de6d932e4e4890d4e2,0
43b7fe00c0eee4a3ed874b35b84faedf,1
4da047a09893f62d1bd8930a978c51b6,1
d8ffd362a18a4622886a5384b826b0c1,0
2a0d71506f86014b1d8dfc0190c8298f,1
4c72292bc4feef5d1365dd8ac18a4e62,0
890cf45fe00e40c9094ff0e4f32c0f02,1
452352cffd20f50c12c24b3248dfd5b7,1
5b74e0c5f3a909ce07a2928c1b704ebf,0
b39d4a552cba13d67cfe444353010e54,1
5a8822221551fabd7fd9421c9c274e90,0
7b5c3a1b5822f205ab1648f35390284b,0
ce543aac0720fed987dcf2973dca4673,0
cca923f95c4a9465743c5108dcce0fde,0
69f267d319ea385c293d65a002dd595e,0
04dd643f9b3a510c137dbff54537b344,0
2c3dcb5c3f62491fcba1caa57205337c,0
19b26e10e91d6f3ffb42d423ab7d6d95,1
d7f758c0de2e72bdf20a7a04c8d40940,0
641559792a9c7b28ab63ba55ba84b1bb,1
d50b97b5dabaa7c57b995e93ab2bd5d3,0
f39eb15a0bb93622292f492ebd27a1ef,0
b2ad0a9cef6cf7c21dcb44fbc4c40ba3,1
aec585bb5002f46bfd982fe459ea603f,0
ef82c5c113abaaf8544de2092e6d051e,0
2f107a547b8fd848ea09267146d72b9e,0
fb54e26638a056cb4065dc23cef3ba05,1
1c77a1715987b1b87b793af931f45f6d,0
6a7ac01c8b7468c20697920234886556,1
a502abd9b3675df6f1322f1382a5bbd9,0
7142370a64b71cb1bdd7558758cb6bba,0
f569525615c7585c5e54720d11bc1ab7,0
61bd7095ac22eb56970e424b054b3a9f,0
e0111cf85c1b7cec84937eb04955558a,1
19df3ee4460f432d55174e701530d00f,0
18ad66b76e142396aea99998bb2ede3d,1
1e79cb410ad8f249409c951cf1b1ae75,0
3888a50f809cd64a8f9e5f772204fa46,0
f11ae963c87bf7a49548ecf815f831b7,0
4c0015f3067caa1ab9b972176f50d741,1
6ee1bc746cdd046e5d5c84114e286212,1
d09931ea6cf07084ba1493832a95f929,0
af298bc81572f2d890ba3ca25ed5abe1,0
d3ff363093d671b2e3d256d4279cf71f,0
be7cfe15033e9c4b10470b105389b8f5,0
0bc80fe59e1f6435540b3d8a29db5cd7,1
d60c19aa73d0922f098e701a896ba661,0
5820b64ccda7a7bdbdf286746444edbb,0
daebe12ce691a49ea50fa273b3080eb2,1
67bf645f1e807a5896b983a011f8f1f4,0
7cbc2e1d027d822c7f699e323808b20a,0
c979bd3e2ab1ef94cd8a21db27174e92,1
7caf9f727e99247e713506d9cb82b21e,0
1f620f0ff8093768e066ba44c18dcee9,0
daf8362c567f700b989e43568c06ac99,1
75f5d561e1bf6beae7316b39c9714f69,0
91a4757561edd871d16611740878ac8e,0
b53bf9dec71e6c4c1be024ca4c5189f0,0
0654aed3df8239ec89b93d395cb8472e,0
ad18f3aaaa3921f0c26016f8d004e914,0
888be668895c287f203dbe978e3af7c8,1
7be7406fca1130225928d116245e35bc,0
aeb6404d90a32851b490dc34c13ff8ea,1
4523c1ed7c4e6a84c49fbeb0e0ce4245,0
856a9d89f3e4cc76f66082b4a685a0bd,0
736002fc4060b54f9f5336a8a036f9c7,1
2d9cfe5c8a2568dcd26d2d00b83d9b4e,1
171943ef8248e6b444cad4d87618f0bf,1
a5e982fcddc1a029ff64ba5f3db1015e,1
3007b112c66efe16058db08eea2c8c18,1
36f735abb84ea30fe46fc85accbb3349,0
bb2a2c8f0b41edc01a311de23e315b97,0
2f9d98112299e13bdd2b4ac36d420e00,1
83c7e2db408479bd40d1df79039a414c,0
428ae713983a46f10268c714f7297f9f,0
6ee213c329595d1ef3932f06baf8bf70,0
6423cc2c8d121c92dde293fcfa98f0a5,0
82c6ff3646ad2c2744bae63adf5a18b4,1
93fc4b322f7226570d22084ede5a3488,0
15b8ee58b7db8c8f85c1aa59753c18f9,1
173e5a464f88fbdd74e9f3fe767b1b62,1
ebd2bd92dc171f0acd408ed98f8c808e,1
7dd564a5fcf85e4b7dd14a437390ffca,1
4c3efb299d85eb781d42fe980551fdfd,0
c7d111e2ba50d9c9ee6fbbdf97befe8c,1
06bfe7629dc010a70e6834349553bcde,1
1fe9be4545a24b475a32d689314f2d89,0
